file	token	list	decision	reason	smiles
arylGroups.xml	aceanthren	ring/ring/z	blocked	not retained for general nomenclature	C1Cc2cccc3cc4ccccc4c1c23
arylGroups.xml	aceanthrylen	ring/ring/z	allowed	P-25.1.2 systematically named fused hydrocarbons	c1cc2cccc3cc4ccccc4c1c23
arylGroups.xml	acenaphthylen	ring/ring/z	allowed	P-25.1.2 systematically named fused hydrocarbons	c1cc2cccc3cccc1c23
arylGroups.xml	acenaphthen	ring/ring/z	blocked	not retained for general nomenclature	C1Cc2cccc3cccc1c23
arylGroups.xml	acenaphthoquinon	ring/ring/z	blocked	not retained for general nomenclature	c1cc2cccc3cccc1c23
arylGroups.xml	acephenanthren	ring/ring/z	blocked	not retained for general nomenclature	c1ccc2CCc3cc4ccccc4c1c23
arylGroups.xml	acephenanthrylen	ring/ring/z	allowed	P-25.1.2 systematically named fused hydrocarbons	c1ccc2ccc3cc4ccccc4c1c23
arylGroups.xml	acridan	ring/ring/z	blocked	not retained for general nomenclature	c1cccc2Nc3ccccc3Cc12
arylGroups.xml	acridarsin	ring/ring/z	allowed	P-25.2.1 Table 2.9 P/As analogues of retained fused heterocycles	c1cccc2[as]c3ccccc3cc12
arylGroups.xml	acridin	ring/ring/z	allowed	P-25.2.1 Table 2.8 retained fused heterocycles	c1cccc2nc3ccccc3cc12
arylGroups.xml	acridophosphin	ring/ring/z	allowed	P-25.2.1 Table 2.9 P/As analogues of retained fused heterocycles	c1cccc2pc3ccccc3cc12
arylGroups.xml	acrindolin	ring/ring/z	blocked	not retained for general nomenclature	c1cccc2c3ccc4cc5ccccc5nc4c3nc12
arylGroups.xml	adrenalin	ring/ring/z	blocked	not retained for general nomenclature	CNCC(O)c1cc(O)c(O)cc1
arylGroups.xml	alloxan	ring/ring/z	blocked	not retained for general nomenclature	N1C(=O)NC(=O)C(=O)C(=O)1
arylGroups.xml	amphetamin	ring/ring/z	blocked	not retained for general nomenclature	NC(C)Cc1ccccc1
arylGroups.xml	anethol	ring/ring/z	blocked	not retained for general nomenclature	c1(ccc(C=CC)cc1)OC
arylGroups.xml	anilin	ring/ring/z	allowed	P-34.1 retained functional parents	Nc1ccccc1
arylGroups.xml	anisidin	ring/ring/z	blocked	not retained for general nomenclature	COc1ccccc1
arylGroups.xml	anisol	ring/ring/z	allowed	P-63.2.3 retained ether name	c1(ccccc1)OC
arylGroups.xml	anthracen	ring/ring/z	allowed	P-25.1.1 Table 2.7 retained fused hydrocarbons	c1cccc2cc3ccccc3cc12
arylGroups.xml	anthraquinon	ring/ring/z	allowed	P-64.2.1 retained ketone names	c1cccc2cc3ccccc3cc12
arylGroups.xml	anthradiquinon	ring/ring/z	blocked	not retained for general nomenclature	c1cccc2cc3ccccc3cc12
arylGroups.xml	anthrazin	ring/ring/z	blocked	not retained for general nomenclature	c1cccc2cc3c4nc5ccc6cc7ccccc7cc6c5nc4ccc3cc12
arylGroups.xml	anthyridin	ring/ring/z	blocked	not retained for general nomenclature	n1cccc2cc3cccnc3nc12
arylGroups.xml	arsanthren	ring/ring/z	allowed	P-25.2.2.2 heteranthrenes	c1cccc2[as]c3ccccc3[as]c12
arylGroups.xml	arsanthridin	ring/ring/z	allowed	P-25.2.1 Table 2.9 P/As analogues of retained fused heterocycles	c1cccc2[as]cc3ccccc3c12
arylGroups.xml	arsindol	ring/ring/z	allowed	P-25.2.1 Table 2.9 P/As analogues of retained fused heterocycles	[asH]1ccc2ccccc12
arylGroups.xml	arsindolin	ring/ring/z	blocked	not retained for general nomenclature	[AsH]1CCc2ccccc12
arylGroups.xml	arsindolizidin	ring/ring/z	blocked	not retained for general nomenclature	C1CC[As]2CCCCC12
arylGroups.xml	arsindolizin	ring/ring/z	allowed	P-25.2.1 Table 2.9 P/As analogues of retained fused heterocycles	c1cc[as]2ccccc12
arylGroups.xml	arsinolin	ring/ring/z	allowed	P-25.2.1 Table 2.9 P/As analogues of retained fused heterocycles	[as]1cccc2ccccc12
arylGroups.xml	arsinolizin	ring/ring/z	allowed	P-25.2.1 Table 2.9 P/As analogues of retained fused heterocycles	c1cc[cH2][as]2ccccc12
arylGroups.xml	as-indacen	ring/ring/z	allowed	P-25.1.1 Table 2.7 retained fused hydrocarbons	c1ccc2ccc3cccc3c12
arylGroups.xml	as-triazin|asym-triazin	ring/ring/z	blocked	not retained for general nomenclature	n1ncncc1
arylGroups.xml	azulen	ring/ring/z	allowed	P-25.1.1 Table 2.7 retained fused hydrocarbons	c1ccc2cccccc12
arylGroups.xml	benzanthron	ring/ring/z	blocked	not retained for general nomenclature	c1ccc2cccc3c(=O)c4ccccc4c1c23
arylGroups.xml	benzidin|4,4'-benzidin	ring/ring/z	blocked	not retained for general nomenclature	c1(ccc(N)cc1)c2ccc(N)cc2
arylGroups.xml	benzen	ring/ring/z	allowed	P-22.1.1 benzene	c1ccccc1
arylGroups.xml	benzoin	ring/ring/z	blocked	not retained for general nomenclature	c1(ccccc1)C(=O)C(O)c2ccccc2
arylGroups.xml	benzoquinon	ring/ring/z	allowed	P-64.2.1 retained ketone names (1,4-benzoquinone)	c1ccccc1
arylGroups.xml	benzotribromid	ring/ring/z	blocked	not retained for general nomenclature	c12ccccc1.C2(Br)(Br)Br
arylGroups.xml	benzotrichlorid	ring/ring/z	blocked	not retained for general nomenclature	c12ccccc1.C2(Cl)(Cl)Cl
arylGroups.xml	benzotrifluorid	ring/ring/z	blocked	not retained for general nomenclature	c12ccccc1.C2(F)(F)F
arylGroups.xml	benzotriiodid	ring/ring/z	blocked	not retained for general nomenclature	c12ccccc1.C2(I)(I)I
arylGroups.xml	benzyn	ring/ring/z	blocked	not retained for general nomenclature	C1#CC=CC=C1
arylGroups.xml	betacarbolin|beta-carbolin|b-carbolin	ring/ring/z	blocked	not retained for general nomenclature	c1nccc2c3ccccc3[nH]c12
arylGroups.xml	bibenzyl	ring/ring/z	blocked	not retained for general nomenclature	c1(ccccc1)CCc2ccccc2
arylGroups.xml	biphenylen	ring/ring/z	allowed	P-25.1.2 systematically named fused hydrocarbons	c1cccc2c3ccccc3c12
arylGroups.xml	boranthren	ring/ring/z	allowed	P-25.2.2.2 heteranthrenes	C1=CC=CC=2B=C3C=CC=CC3=BC12
arylGroups.xml	borneol	ring/ring/z	blocked	not retained for general nomenclature	C123C4CC5CC1.C25(C)C.C3.O4
arylGroups.xml	caffein	ring/ring/z	blocked	not retained for general nomenclature	n1(C)c(=O)n(C)c2ncn(C)c2c1=O
arylGroups.xml	camphen	ring/ring/z	blocked	not retained for general nomenclature	C12C(C)(C)C(=C)C(CC2)C1
arylGroups.xml	camphorquinon	ring/ring/z	blocked	not retained for general nomenclature	C123C(=O)C(=O)C4CC1.C24(C)C.C3
arylGroups.xml	carbazol	ring/ring/z	allowed	P-25.2.1 Table 2.8 retained fused heterocycles	c1cccc2c3ccccc3[nH]c12
arylGroups.xml	carbostyril	ring/ring/z	blocked	not retained for general nomenclature	[nH]1c(=O)ccc2ccccc12
arylGroups.xml	catechol	ring/ring/z	blocked	not retained for general nomenclature	c1(O)c(O)cccc1
arylGroups.xml	chalcon	ring/ring/z	allowed	P-64.2.1 retained ketone names	c1(ccccc1)/C=C/C(=O)c2ccccc2
arylGroups.xml	chinolin	ring/ring/z	blocked	not retained for general nomenclature	n1cccc2ccccc12
arylGroups.xml	cholanthren	ring/ring/z	blocked	not retained for general nomenclature	C1Cc2cccc3cc4c5ccccc5ccc4c1c23
arylGroups.xml	chroman	ring/ring/z	allowed	P-31.2.3.3.1 Table 3.1 retained partially saturated polycycles	O1CCCc2ccccc12
arylGroups.xml	thiochroman	ring/ring/z	allowed	P-31.2.3.3.1 Table 3.1 retained partially saturated polycycles	S1CCCc2ccccc12
arylGroups.xml	selenochroman	ring/ring/z	allowed	P-31.2.3.3.1 Table 3.1 retained partially saturated polycycles	[Se]1CCCc2ccccc12
arylGroups.xml	tellurochroman	ring/ring/z	allowed	P-31.2.3.3.1 Table 3.1 retained partially saturated polycycles	[Te]1CCCc2ccccc12
arylGroups.xml	chromen	ring/ring/z	allowed	P-25.2.1 Table 2.8 retained fused heterocycles	o1[cH2]ccc2ccccc12
arylGroups.xml	chrom-2-en	ring/ring/z	blocked	not retained for general nomenclature	O1C=CCc2ccccc12
arylGroups.xml	chrom-3-en	ring/ring/z	blocked	not retained for general nomenclature	O1CC=Cc2ccccc12
arylGroups.xml	thiochromen	ring/ring/z	allowed	P-25.2.1 Table 2.8 retained fused heterocycles	s1[cH2]ccc2ccccc12
arylGroups.xml	selenochromen	ring/ring/z	allowed	P-25.2.1 Table 2.8 retained fused heterocycles	[se]1[cH2]ccc2ccccc12
arylGroups.xml	tellurochromen	ring/ring/z	allowed	P-25.2.1 Table 2.8 retained fused heterocycles	[te]1[cH2]ccc2ccccc12
arylGroups.xml	chromenylium	ring/ring/z	allowed	P-25.2.1 Table 2.8 retained fused heterocycles	[o+]1cccc2ccccc12
arylGroups.xml	thiochromenylium	ring/ring/z	allowed	P-25.2.1 Table 2.8 retained fused heterocycles	[s+]1cccc2ccccc12
arylGroups.xml	selenochromenylium	ring/ring/z	allowed	P-25.2.1 Table 2.8 retained fused heterocycles	[se+]1cccc2ccccc12
arylGroups.xml	tellurochromenylium	ring/ring/z	allowed	P-25.2.1 Table 2.8 retained fused heterocycles	[te+]1cccc2ccccc12
arylGroups.xml	chromocen	ring/ring/z	blocked	not retained for general nomenclature	[CH-]1cccc1.[CH-]1cccc1.[Cr+2]
arylGroups.xml	chromon	ring/ring/z	blocked	not retained for general nomenclature	o1[cH2]ccc2ccccc12
arylGroups.xml	chrysen	ring/ring/z	allowed	P-25.1.1 Table 2.7 retained fused hydrocarbons	c1cccc2c3ccc4ccccc4c3ccc12
arylGroups.xml	cinnolin	ring/ring/z	allowed	P-25.2.1 Table 2.8 retained fused heterocycles	n1nccc2ccccc12
arylGroups.xml	cobaltocen	ring/ring/z	blocked	not retained for general nomenclature	[CH-]1cccc1.[CH-]1cccc1.[Co+2]
arylGroups.xml	collidin	ring/ring/z	blocked	not retained for general nomenclature	n1ccccc1
arylGroups.xml	coumaran	ring/ring/z	blocked	not retained for general nomenclature	O1CCc2ccccc12
arylGroups.xml	coumarin|cumarin	ring/ring/z	blocked	not retained for general nomenclature	o1c(=O)ccc2ccccc12
arylGroups.xml	coumaron	ring/ring/z	blocked	not retained for general nomenclature	o1ccc2ccccc12
arylGroups.xml	coronen	ring/ring/z	allowed	P-25.1.1 Table 2.7 retained fused hydrocarbons	c1cc2ccc3ccc4ccc5ccc6ccc71.c28c3c4c5c6c78
arylGroups.xml	cresol	ring/ring/z	allowed	P-63.1.1 retained hydroxy compounds	c1ccccc1O
arylGroups.xml	cumen	ring/ring/z	blocked	not retained for general nomenclature	c12ccccc1.C2(C)C
arylGroups.xml	cymen	ring/ring/z	blocked	not retained for general nomenclature	c12ccccc1.C2(C)C
arylGroups.xml	cyclopenta[a]phenanthren	ring/ring/z	allowed	P-25.3 fusion name	c1cccc2ccc3c4[cH2]ccc4ccc3c12
arylGroups.xml	decalin	ring/ring/z	blocked	not retained for general nomenclature	C1CCCC2CCCCC12
arylGroups.xml	dopamin	ring/ring/z	blocked	not retained for general nomenclature	NCCc1cc(O)c(O)cc1
arylGroups.xml	duren	ring/ring/z	blocked	not retained for general nomenclature	c1(C)c(C)cc(C)c(C)c1
arylGroups.xml	ethylenimin	ring/ring/z	blocked	not retained for general nomenclature	N1CC1
arylGroups.xml	eugenol	ring/ring/z	blocked	not retained for general nomenclature	c1(c(O)ccc(CC=C)c1)OC
arylGroups.xml	ferrocen	ring/ring/z	blocked	not retained for general nomenclature	[CH-]1cccc1.[CH-]1cccc1.[Fe+2]
arylGroups.xml	flavylium	ring/ring/z	blocked	not retained for general nomenclature	[o+]1c(ccc2ccccc12)c3ccccc3
arylGroups.xml	fluoranthen	ring/ring/z	allowed	P-25.1.1 Table 2.7 retained fused hydrocarbons	c1ccc2cccc3c4ccccc4c1c23
arylGroups.xml	fluoren	ring/ring/z	allowed	P-25.1.1 Table 2.7 retained fused hydrocarbons	c1cccc2c3ccccc3[cH2]c12
arylGroups.xml	spiro-9,9'-bifluoren	ring/ring/z	blocked	not retained for general nomenclature	c1cccc2c3ccccc3C4(c5ccccc5c6ccccc64)c12
arylGroups.xml	fulven	ring/ring/z	allowed	P-31.1.3.4 retained ring-chain hydrocarbons	C1=CC=CC1=C
arylGroups.xml	furan	ring/ring/z	allowed	P-22.2.1 Table 2.2 retained mancude heteromonocycles	o1cccc1
arylGroups.xml	thiofuran	ring/ring/z	blocked	not retained for general nomenclature	s1cccc1
arylGroups.xml	selenofuran	ring/ring/z	blocked	not retained for general nomenclature	[se]1cccc1
arylGroups.xml	tellurofuran	ring/ring/z	blocked	not retained for general nomenclature	[te]1cccc1
arylGroups.xml	furazan	ring/ring/z	blocked	not retained for general nomenclature	o1nccn1
arylGroups.xml	furoxan	ring/ring/z	blocked	not retained for general nomenclature	o1[n+]([O-])ccn1
arylGroups.xml	guaiacol	ring/ring/z	blocked	not retained for general nomenclature	c1(c(O)cccc1)OC
arylGroups.xml	harmalin	ring/ring/z	blocked	not retained for general nomenclature	c1(C)nCCc2c3ccc(OC)cc3[nH]c12
arylGroups.xml	harmalol	ring/ring/z	blocked	not retained for general nomenclature	c1(C)nCCc2c3ccc(O)cc3[nH]c12
arylGroups.xml	harman	ring/ring/z	blocked	not retained for general nomenclature	c1(C)nCCc2c3ccccc3[nH]c12
arylGroups.xml	harmanamid	ring/ring/z	blocked	not retained for general nomenclature	c1(C(=O)N)nccc2c3ccc(OC)cc3[nH]c12
arylGroups.xml	harmin	ring/ring/z	blocked	not retained for general nomenclature	c1(C)nccc2c3ccc(OC)cc3[nH]c12
arylGroups.xml	hemimelliten	ring/ring/z	blocked	not retained for general nomenclature	c1(C)c(C)c(C)ccc1
arylGroups.xml	histamin	ring/ring/z	blocked	not retained for general nomenclature	NCCc1c[nH]cn1
arylGroups.xml	homomorpholin	ring/ring/z	blocked	not retained for general nomenclature	N1CCOCCC1
arylGroups.xml	thiahomomorpholin|thiohomomorpholin	ring/ring/z	blocked	not retained for general nomenclature	N1CCSCCC1
arylGroups.xml	selenohomomorpholin	ring/ring/z	blocked	not retained for general nomenclature	N1CC[Se]CCC1
arylGroups.xml	tellurohomomorpholin	ring/ring/z	blocked	not retained for general nomenclature	N1CC[Te]CCC1
arylGroups.xml	homopiperazin	ring/ring/z	blocked	not retained for general nomenclature	N1CCNCCC1
arylGroups.xml	homopiperidin	ring/ring/z	blocked	not retained for general nomenclature	N1CCCCCC1
arylGroups.xml	hydantoin	ring/ring/z	blocked	not retained for general nomenclature	N1C(=O)NC(=O)C1
arylGroups.xml	hydrobenzoin	ring/ring/z	blocked	not retained for general nomenclature	c1(ccccc1)C(O)C(O)c2ccccc2
arylGroups.xml	hydroquinon	ring/ring/z	allowed	P-63.1.1 retained hydroxy compounds	c1(O)ccc(O)cc1
arylGroups.xml	imidazol	ring/ring/z	allowed	P-22.2.1 Table 2.2 retained mancude heteromonocycles	[nH]1cncc1
arylGroups.xml	imidazolidin	ring/ring/z	allowed	P-22.2.1 Table 2.3 retained saturated heteromonocycles	N1CNCC1
arylGroups.xml	imidazolin	ring/ring/z	blocked	not retained for general nomenclature	N1CNCC1
arylGroups.xml	indan	ring/ring/z	allowed	P-31.2.3.3.1 Table 3.1 retained partially saturated polycycles	C1CCc2ccccc12
arylGroups.xml	ind-1-en	ring/ring/z	blocked	not retained for general nomenclature	C1=CCc2ccccc12
arylGroups.xml	ind-2-en	ring/ring/z	blocked	not retained for general nomenclature	C1C=Cc2ccccc12
arylGroups.xml	indazol	ring/ring/z	allowed	P-25.2.1 Table 2.8 retained fused heterocycles	[nH]1ncc2ccccc12
arylGroups.xml	inden	ring/ring/z	allowed	P-25.1.1 Table 2.7 retained fused hydrocarbons	[cH2]1ccc2ccccc12
arylGroups.xml	indol	ring/ring/z	allowed	P-25.2.1 Table 2.8 retained fused heterocycles	[nH]1ccc2ccccc12
arylGroups.xml	indolin	ring/ring/z	allowed	P-31.2.3.3.1 Table 3.1 retained partially saturated polycycles	N1CCc2ccccc12
arylGroups.xml	indolizidin	ring/ring/z	blocked	not retained for general nomenclature	C1CCN2CCCCC12
arylGroups.xml	indolizin	ring/ring/z	allowed	P-25.2.1 Table 2.8 retained fused heterocycles	c1ccn2ccccc12
arylGroups.xml	indoxazen	ring/ring/z	blocked	not retained for general nomenclature	o1ncc2ccccc12
arylGroups.xml	isatin	ring/ring/z	blocked	not retained for general nomenclature	N1C(=O)C(=O)c2ccccc12
arylGroups.xml	isoarsindol	ring/ring/z	allowed	P-25.2.1 Table 2.9 P/As analogues of retained fused heterocycles	c1[asH]cc2ccccc12
arylGroups.xml	isoarsindolin	ring/ring/z	blocked	not retained for general nomenclature	C1[AsH]Cc2ccccc12
arylGroups.xml	isoarsinolin	ring/ring/z	allowed	P-25.2.1 Table 2.9 P/As analogues of retained fused heterocycles	c1[as]ccc2ccccc12
arylGroups.xml	isobenzofuran	ring/ring/z	allowed	P-25.2.2.4 benzo heterocycles (isobenzofuran)	c1occ2ccccc12
arylGroups.xml	isobenzothiofuran|isobenzothiophen	ring/ring/z	allowed	P-25.2.2.4 benzo heterocycles (isobenzofuran)	c1scc2ccccc12
arylGroups.xml	isocarbostyril	ring/ring/z	blocked	not retained for general nomenclature	c(=O)1[nH]ccc2ccccc12
arylGroups.xml	isochinolin	ring/ring/z	blocked	not retained for general nomenclature	c1nccc2ccccc12
arylGroups.xml	isochroman	ring/ring/z	allowed	P-31.2.3.3.1 Table 3.1 retained partially saturated polycycles	C1OCCc2ccccc12
arylGroups.xml	isothiochroman	ring/ring/z	allowed	P-31.2.3.3.1 Table 3.1 retained partially saturated polycycles	C1SCCc2ccccc12
arylGroups.xml	isoselenochroman	ring/ring/z	allowed	P-31.2.3.3.1 Table 3.1 retained partially saturated polycycles	C1[Se]CCc2ccccc12
arylGroups.xml	isotellurochroman	ring/ring/z	allowed	P-31.2.3.3.1 Table 3.1 retained partially saturated polycycles	C1[Te]CCc2ccccc12
arylGroups.xml	isochromen	ring/ring/z	allowed	P-25.2.1 Table 2.8 retained fused heterocycles	[cH2]1occc2ccccc12
arylGroups.xml	isothiochromen	ring/ring/z	allowed	P-25.2.1 Table 2.8 retained fused heterocycles	[cH2]1sccc2ccccc12
arylGroups.xml	isoselenochromen	ring/ring/z	allowed	P-25.2.1 Table 2.8 retained fused heterocycles	[cH2]1[se]ccc2ccccc12
arylGroups.xml	isotellurochromen	ring/ring/z	allowed	P-25.2.1 Table 2.8 retained fused heterocycles	[cH2]1[te]ccc2ccccc12
arylGroups.xml	isochromenylium	ring/ring/z	allowed	P-25.2.1 Table 2.8 retained fused heterocycles	c1[o+]ccc2ccccc12
arylGroups.xml	isothiochromenylium	ring/ring/z	allowed	P-25.2.1 Table 2.8 retained fused heterocycles	c1[s+]ccc2ccccc12
arylGroups.xml	isoselenochromenylium	ring/ring/z	allowed	P-25.2.1 Table 2.8 retained fused heterocycles	c1[se+]ccc2ccccc12
arylGroups.xml	isotellurochromenylium	ring/ring/z	allowed	P-25.2.1 Table 2.8 retained fused heterocycles	c1[te+]ccc2ccccc12
arylGroups.xml	isocoumarin|isocumarin	ring/ring/z	blocked	not retained for general nomenclature	c1(=O)occc2ccccc12
arylGroups.xml	isoduren	ring/ring/z	blocked	not retained for general nomenclature	c1(C)c(C)c(C)cc(C)c1
arylGroups.xml	isoindol	ring/ring/z	allowed	P-25.2.1 Table 2.8 retained fused heterocycles	c1[nH]cc2ccccc12
arylGroups.xml	isoindolin	ring/ring/z	allowed	P-31.2.3.3.1 Table 3.1 retained partially saturated polycycles	C1NCc2ccccc12
arylGroups.xml	isoquinolin	ring/ring/z	allowed	P-25.2.1 Table 2.8 retained fused heterocycles	c1nccc2ccccc12
arylGroups.xml	isoquinolon	ring/ring/z	blocked	not retained for general nomenclature	c1nccc2ccccc12
arylGroups.xml	isophosphindol	ring/ring/z	allowed	P-25.2.1 Table 2.9 P/As analogues of retained fused heterocycles	c1[pH]cc2ccccc12
arylGroups.xml	isophosphindolin	ring/ring/z	blocked	not retained for general nomenclature	C1PCc2ccccc12
arylGroups.xml	isophosphinolin	ring/ring/z	allowed	P-25.2.1 Table 2.9 P/As analogues of retained fused heterocycles	c1pccc2ccccc12
arylGroups.xml	isosafrol	ring/ring/z	blocked	not retained for general nomenclature	O1COc2cc(C=CC)ccc12
arylGroups.xml	isoselenazol	ring/ring/z	allowed	P-22.2.1 Table 2.2 retained mancude heteromonocycles	[se]1nccc1
arylGroups.xml	isoselenazolidin	ring/ring/z	allowed	P-22.2.1 Table 2.3 retained saturated heteromonocycles	[Se]1NCCC1
arylGroups.xml	isoselenazolin	ring/ring/z	blocked	not retained for general nomenclature	[Se]1NCCC1
arylGroups.xml	isotellurazol	ring/ring/z	allowed	P-22.2.1 Table 2.2 retained mancude heteromonocycles	[te]1nccc1
arylGroups.xml	isotellurazolidin	ring/ring/z	allowed	P-22.2.1 Table 2.3 retained saturated heteromonocycles	[Te]1NCCC1
arylGroups.xml	isotellurazolin	ring/ring/z	blocked	not retained for general nomenclature	[Te]1NCCC1
arylGroups.xml	isothiazol	ring/ring/z	allowed	P-22.2.1 Table 2.2 retained mancude heteromonocycles	s1nccc1
arylGroups.xml	isothiazolidin	ring/ring/z	allowed	P-22.2.1 Table 2.3 retained saturated heteromonocycles	S1NCCC1
arylGroups.xml	isothiazolin	ring/ring/z	blocked	not retained for general nomenclature	S1NCCC1
arylGroups.xml	isoxazol|isooxazol	ring/ring/z	allowed	P-22.2.1 Table 2.2 retained mancude heteromonocycles	o1nccc1
arylGroups.xml	isoxazolidin|isooxazolidin	ring/ring/z	allowed	P-22.2.1 Table 2.3 retained saturated heteromonocycles	O1NCCC1
arylGroups.xml	isoxazolin|isooxazolin	ring/ring/z	blocked	not retained for general nomenclature	O1NCCC1
arylGroups.xml	isoviolanthren	ring/ring/z	blocked	not retained for general nomenclature	c1cccc2c3ccc4c5ccc6Cc7ccccc7c8ccc9c%10ccc%11Cc12.c3%11c4%10.c59c68
arylGroups.xml	lepidin	ring/ring/z	blocked	not retained for general nomenclature	n1ccc(C)c2ccccc12
arylGroups.xml	lupetidin	ring/ring/z	blocked	not retained for general nomenclature	N1CCCCC1
arylGroups.xml	menthol	ring/ring/z	blocked	not retained for general nomenclature	C12CC3C4CC1.C2.C4(C)C.O3
arylGroups.xml	mercuranthren	ring/ring/z	blocked	not retained for general nomenclature	c1cccc2[Hg]c3ccccc3[Hg]c12
arylGroups.xml	mesitylen	ring/ring/z	allowed	P-22.1.3 retained parent hydrocarbons	c12cc3cc4c1.C2.C3.C4
arylGroups.xml	melliten	ring/ring/z	blocked	not retained for general nomenclature	c1(C)c(C)c(C)c(C)c(C)c1C
arylGroups.xml	molybdocen	ring/ring/z	blocked	not retained for general nomenclature	[CH-]1cccc1.[CH-]1cccc1.[Mo+2]
arylGroups.xml	morpholin	ring/ring/z	allowed	P-22.2.1 Table 2.3 retained saturated heteromonocycles	N1CCOCC1
arylGroups.xml	thiamorpholin|thiomorpholin	ring/ring/z	allowed	P-22.2.1 Table 2.3 retained saturated heteromonocycles	N1CCSCC1
arylGroups.xml	selenomorpholin	ring/ring/z	allowed	P-22.2.1 Table 2.3 retained saturated heteromonocycles	N1CC[Se]CC1
arylGroups.xml	telluromorpholin	ring/ring/z	allowed	P-22.2.1 Table 2.3 retained saturated heteromonocycles	N1CC[Te]CC1
arylGroups.xml	naphthacen	ring/ring/z	blocked	not retained for general nomenclature	c1cccc2cc3cc4ccccc4cc3cc12
arylGroups.xml	naphthalen|naphthalin	ring/ring/z	allowed	P-25.1.1 Table 2.7 retained fused hydrocarbons	c1cccc2ccccc12
arylGroups.xml	naphthoquinon	ring/ring/z	allowed	P-64.2.1 retained ketone names	c1cccc2ccccc12
arylGroups.xml	naphthodiquinon	ring/ring/z	blocked	not retained for general nomenclature	c1cccc2ccccc12
arylGroups.xml	naphthyridin	ring/ring/z	allowed	P-25.2.1 Table 2.8 retained fused heterocycles	c1cccc2ccccc12
arylGroups.xml	nickelocen	ring/ring/z	blocked	not retained for general nomenclature	[CH-]1cccc1.[CH-]1cccc1.[Ni+2]
arylGroups.xml	niobocen	ring/ring/z	blocked	not retained for general nomenclature	[CH-]1cccc1.[CH-]1cccc1.[Nb+2]
arylGroups.xml	norbornen|norcamphen|norbornylen	ring/ring/z	blocked	not retained for general nomenclature	C12C=CC(CC2)C1
arylGroups.xml	norharmin	ring/ring/z	blocked	not retained for general nomenclature	c1nccc2c3ccc(OC)cc3[nH]c12
arylGroups.xml	osmocen	ring/ring/z	blocked	not retained for general nomenclature	[CH-]1cccc1.[CH-]1cccc1.[Os+2]
arylGroups.xml	ovalen	ring/ring/z	allowed	P-25.1.1 Table 2.7 retained fused hydrocarbons	c1cc2ccc3ccc4cc5ccc6ccc7ccc8cc91.c19c2c3c4c9c5c6c7c8c19
arylGroups.xml	oxanthren	ring/ring/z	allowed	P-25.2.2.2 heteranthrenes	c1cccc2oc3ccccc3oc12
arylGroups.xml	oxindol	ring/ring/z	blocked	not retained for general nomenclature	N1CCc2ccccc12
arylGroups.xml	paracetamol	ring/ring/z	blocked	not retained for general nomenclature	N(C(=O)C)c1ccc(O)cc1
arylGroups.xml	paraxanthin	ring/ring/z	blocked	not retained for general nomenclature	n1(C)c(=O)[nH]c2ncn(C)c2c1=O
arylGroups.xml	perimidin	ring/ring/z	allowed	P-25.2.1 Table 2.8 retained fused heterocycles	[nH]1cnc2cccc3cccc1c23
arylGroups.xml	perylen	ring/ring/z	allowed	P-25.1.1 Table 2.7 retained fused hydrocarbons	c1ccc2cccc3c4cccc5cccc6c71.c237.c456
arylGroups.xml	phenalen	ring/ring/z	allowed	P-25.1.1 Table 2.7 retained fused hydrocarbons	[cH2]1ccc2cccc3cccc1c23
arylGroups.xml	phenanthrazin	ring/ring/z	blocked	not retained for general nomenclature	c1cccc2c3ccccc3c4nc5c6ccccc6c7ccccc7c5nc4c12
arylGroups.xml	phenanthren	ring/ring/z	allowed	P-25.1.1 Table 2.7 retained fused hydrocarbons	c1cccc2c3ccccc3ccc12
arylGroups.xml	phenanthridin	ring/ring/z	allowed	P-25.2.1 Table 2.8 retained fused heterocycles	c1cccc2ncc3ccccc3c12
arylGroups.xml	phenanthrolin	ring/ring/z	allowed	P-25.2.1 Table 2.8 retained fused heterocycles	c1cccc2ccc3ccccc3c12
arylGroups.xml	phenarsazin	ring/ring/z	allowed	P-25.2.2.3 pheno...ine names	c1cccc2nc3ccccc3[as]c12
arylGroups.xml	phenazin	ring/ring/z	allowed	P-25.2.1 Table 2.8 retained fused heterocycles	c1cccc2nc3ccccc3nc12
arylGroups.xml	phenetidin	ring/ring/z	blocked	not retained for general nomenclature	CCOc1ccccc1
arylGroups.xml	phenetol	ring/ring/z	blocked	not retained for general nomenclature	c1(ccccc1)OCC
arylGroups.xml	phenoxid	ring/ring/z	allowed	P-72/P-73 retained ion names (phenoxide)	[O-]c1ccccc1
arylGroups.xml	phenoxylium	ring/ring/z	allowed	P-72/P-73 retained ion names (phenoxylium)	[O+]c1ccccc1
arylGroups.xml	phenomercurin	ring/ring/z	blocked	not retained for general nomenclature	c1cccc2[Hg]c3ccccc3[Hg]c12
arylGroups.xml	phenoxazin	ring/ring/z	allowed	P-25.2.2.3 pheno...ine names	c1cccc2oc3ccccc3[nH]c12
arylGroups.xml	phenothiazin	ring/ring/z	allowed	P-25.2.2.3 pheno...ine names	c1cccc2sc3ccccc3[nH]c12
arylGroups.xml	phenoselenazin	ring/ring/z	allowed	P-25.2.2.3 pheno...ine names	c1cccc2[se]c3ccccc3[nH]c12
arylGroups.xml	phenotellurazin	ring/ring/z	allowed	P-25.2.2.3 pheno...ine names	c1cccc2[te]c3ccccc3[nH]c12
arylGroups.xml	phenophosphazinin|phenophosphazin	ring/ring/z	allowed	P-25.2.2.3 pheno...ine names	c1cccc2nc3ccccc3pc12
arylGroups.xml	phenarsazinin	ring/ring/z	allowed	P-25.2.2.3 pheno...ine names	c1cccc2nc3ccccc3[as]c12
arylGroups.xml	phenazasilin	ring/ring/z	allowed	P-25.2.2.3 pheno...ine names	c1cccc2nc3ccccc3[siH]c12
arylGroups.xml	phenoarsazin	ring/ring/z	allowed	P-25.2.2.3 pheno...ine names	c1cccc2nc3ccccc3[as]c12
arylGroups.xml	phenomercurazin|phenomercazin	ring/ring/z	blocked	not retained for general nomenclature	c1cccc2[nH]c3ccccc3[Hg]c12
arylGroups.xml	phenoxathiin	ring/ring/z	allowed	P-25.2.2.3 pheno...ine names	c1cccc2oc3ccccc3sc12
arylGroups.xml	phenoxaselenin	ring/ring/z	allowed	P-25.2.2.3 pheno...ine names	c1cccc2oc3ccccc3[se]c12
arylGroups.xml	phenoxasilin	ring/ring/z	allowed	P-25.2.2.3 pheno...ine names	c1cccc2oc3ccccc3[siH2]c12
arylGroups.xml	phenoxatellurin	ring/ring/z	allowed	P-25.2.2.3 pheno...ine names	c1cccc2oc3ccccc3[te]c12
arylGroups.xml	phenoxaphosphinin|phenoxaphosphin	ring/ring/z	allowed	P-25.2.2.3 pheno...ine names	c1cccc2oc3ccccc3[pH]c12
arylGroups.xml	phenoxarsinin|phenoxarsin	ring/ring/z	allowed	P-25.2.2.3 pheno...ine names	c1cccc2oc3ccccc3[asH]c12
arylGroups.xml	phenoxastibinin|phenoxantimonin	ring/ring/z	allowed	P-25.2.2.3 pheno...ine names	c1cccc2oc3ccccc3[sbH]c12
arylGroups.xml	phenothiarsinin|phenothiarsin	ring/ring/z	allowed	P-25.2.2.3 pheno...ine names	c1cccc2sc3ccccc3[asH]c12
arylGroups.xml	phloroglucinol	ring/ring/z	blocked	not retained for general nomenclature	c1(O)cc(O)cc(O)c1
arylGroups.xml	phosphanthren	ring/ring/z	allowed	P-25.2.2.2 heteranthrenes	c1cccc2pc3ccccc3pc12
arylGroups.xml	phosphanthridin	ring/ring/z	allowed	P-25.2.1 Table 2.9 P/As analogues of retained fused heterocycles	c1cccc2pcc3ccccc3c12
arylGroups.xml	phosphindol	ring/ring/z	allowed	P-25.2.1 Table 2.9 P/As analogues of retained fused heterocycles	[pH]1ccc2ccccc12
arylGroups.xml	phosphindolin	ring/ring/z	blocked	not retained for general nomenclature	P1CCc2ccccc12
arylGroups.xml	phosphindolizidin	ring/ring/z	blocked	not retained for general nomenclature	C1CCP2CCCCC12
arylGroups.xml	phosphindolizin	ring/ring/z	allowed	P-25.2.1 Table 2.9 P/As analogues of retained fused heterocycles	c1ccp2ccccc12
arylGroups.xml	phosphinolin	ring/ring/z	allowed	P-25.2.1 Table 2.9 P/As analogues of retained fused heterocycles	p1cccc2ccccc12
arylGroups.xml	phosphinolizin	ring/ring/z	allowed	P-25.2.1 Table 2.9 P/As analogues of retained fused heterocycles	c1cc[cH2]p2ccccc12
arylGroups.xml	phthalazin	ring/ring/z	allowed	P-25.2.1 Table 2.8 retained fused heterocycles	c1nncc2ccccc12
arylGroups.xml	phthalid	ring/ring/z	blocked	not retained for general nomenclature	C1(=O)OCc2ccccc12
arylGroups.xml	phthaloperin	ring/ring/z	blocked	not retained for general nomenclature	c1ccc2cccc3nc4c5ccccc5cn4c1c23
arylGroups.xml	piaselenol|piazselenol	ring/ring/z	blocked	not retained for general nomenclature	n1[se]nc2ccccc12
arylGroups.xml	piazthiol	ring/ring/z	blocked	not retained for general nomenclature	n1snc2ccccc12
arylGroups.xml	pinolin	ring/ring/z	blocked	not retained for general nomenclature	C1NCCc2c3cc(OC)ccc3[nH]c12
arylGroups.xml	picolin	ring/ring/z	blocked	not retained for general nomenclature	[nH]1ccccc1
arylGroups.xml	piperazin	ring/ring/z	allowed	P-22.2.1 Table 2.3 retained saturated heteromonocycles	N1CCNCC1
arylGroups.xml	piperidin	ring/ring/z	allowed	P-22.2.1 Table 2.3 retained saturated heteromonocycles	N1CCCCC1
arylGroups.xml	picen	ring/ring/z	allowed	P-25.1.1 Table 2.7 retained fused hydrocarbons	c1cccc2ccc3c4ccc5ccccc5c4ccc3c21
arylGroups.xml	pleiaden	ring/ring/z	allowed	P-25.1.1 Table 2.7 retained fused hydrocarbons	c1ccc2cccc3cc4ccccc4cc51.c235
arylGroups.xml	plumbocen	ring/ring/z	blocked	not retained for general nomenclature	[CH-]1cccc1.[CH-]1cccc1.[Pb+2]
arylGroups.xml	prehniten	ring/ring/z	blocked	not retained for general nomenclature	c1(C)c(C)c(C)c(C)cc1
arylGroups.xml	pseudocumen	ring/ring/z	blocked	not retained for general nomenclature	c1(C)c(C)cc(C)cc1
arylGroups.xml	pteridin	ring/ring/z	allowed	P-25.2.1 Table 2.8 retained fused heterocycles	n1cncc2nccnc12
arylGroups.xml	purin	ring/ring/z	allowed	P-25.2.1 Table 2.8 retained fused heterocycles	n1cnc2nc[nH]c2c1
arylGroups.xml	pyran	ring/ring/z	allowed	P-22.2.1 Table 2.2 retained mancude heteromonocycles	o1[cH2]cccc1
arylGroups.xml	thiopyran	ring/ring/z	allowed	P-22.2.1 Table 2.2 retained mancude heteromonocycles	s1[cH2]cccc1
arylGroups.xml	selenopyran	ring/ring/z	allowed	P-22.2.1 Table 2.2 retained mancude heteromonocycles	[se]1[cH2]cccc1
arylGroups.xml	telluropyran	ring/ring/z	allowed	P-22.2.1 Table 2.2 retained mancude heteromonocycles	[te]1[cH2]cccc1
arylGroups.xml	pyranthren	ring/ring/z	allowed	P-25.1.1 Table 2.7 retained fused hydrocarbons	c1cccc2c3cc4ccc5cc6ccccc6c6cc7ccc8cc12.c38c7c4c56
arylGroups.xml	pyrazin	ring/ring/z	allowed	P-22.2.1 Table 2.2 retained mancude heteromonocycles	n1ccncc1
arylGroups.xml	pyrazol	ring/ring/z	allowed	P-22.2.1 Table 2.2 retained mancude heteromonocycles	[nH]1nccc1
arylGroups.xml	pyrazolidin	ring/ring/z	allowed	P-22.2.1 Table 2.3 retained saturated heteromonocycles	N1NCCC1
arylGroups.xml	pyrazolin	ring/ring/z	blocked	not retained for general nomenclature	N1NCCC1
arylGroups.xml	pyren	ring/ring/z	allowed	P-25.1.1 Table 2.7 retained fused hydrocarbons	c1ccc2ccc3cccc4ccc1c2c34
arylGroups.xml	pyridazin	ring/ring/z	allowed	P-22.2.1 Table 2.2 retained mancude heteromonocycles	n1ncccc1
arylGroups.xml	pyridin	ring/ring/z	allowed	P-22.2.1 Table 2.2 retained mancude heteromonocycles	n1ccccc1
arylGroups.xml	pyrimidin	ring/ring/z	allowed	P-22.2.1 Table 2.2 retained mancude heteromonocycles	n1cnccc1
arylGroups.xml	pyrindan	ring/ring/z	blocked	not retained for general nomenclature	c1cccc2CCCc12
arylGroups.xml	pyrinden|pyrindin	ring/ring/z	blocked	not retained for general nomenclature	c1cccc2cccc12
arylGroups.xml	pyrocatechol	ring/ring/z	allowed	P-63.1.1 retained hydroxy compounds	c1(O)c(O)cccc1
arylGroups.xml	pyrogallol	ring/ring/z	blocked	not retained for general nomenclature	c1(O)c(O)c(O)ccc1
arylGroups.xml	pyrrol	ring/ring/z	allowed	P-22.2.1 Table 2.2 retained mancude heteromonocycles	[nH]1cccc1
arylGroups.xml	pyrrolizidin	ring/ring/z	blocked	not retained for general nomenclature	C1CCN2CCCC12
arylGroups.xml	pyrrolizin	ring/ring/z	allowed	P-25.2.1 Table 2.8 retained fused heterocycles	[cH2]1ccn2cccc12
arylGroups.xml	pyrrolidin	ring/ring/z	allowed	P-22.2.1 Table 2.3 retained saturated heteromonocycles	N1CCCC1
arylGroups.xml	pyrrolidon	ring/ring/z	blocked	not retained for general nomenclature	N1CCCC1
arylGroups.xml	pyrrolin	ring/ring/z	blocked	not retained for general nomenclature	N1CCCC1
arylGroups.xml	pyrylium	ring/ring/z	allowed	P-72/P-73 retained ion names (pyrylium)	[o+]1ccccc1
arylGroups.xml	quinaldin	ring/ring/z	blocked	not retained for general nomenclature	n1c(C)ccc2ccccc12
arylGroups.xml	quinazolin	ring/ring/z	allowed	P-25.2.1 Table 2.8 retained fused heterocycles	n1cncc2ccccc12
arylGroups.xml	quindolin	ring/ring/z	blocked	not retained for general nomenclature	c1cccc2nc3c4ccccc4nc3cc12
arylGroups.xml	quinindolin	ring/ring/z	blocked	not retained for general nomenclature	c1cccc2nc3nc4ccccc4c3cc12
arylGroups.xml	quinolin	ring/ring/z	allowed	P-25.2.1 Table 2.8 retained fused heterocycles	n1cccc2ccccc12
arylGroups.xml	quinolizidin	ring/ring/z	blocked	not retained for general nomenclature	C1CCCN2CCCCC12
arylGroups.xml	quinolizin	ring/ring/z	allowed	P-25.2.1 Table 2.8 retained fused heterocycles	c1cc[cH2]n2ccccc12
arylGroups.xml	quinolon	ring/ring/z	blocked	not retained for general nomenclature	n1cccc2ccccc12
arylGroups.xml	quinoxalin	ring/ring/z	allowed	P-25.2.1 Table 2.8 retained fused heterocycles	n1ccnc2ccccc12
arylGroups.xml	quinuclidin	ring/ring/z	allowed	P-23.7 Table 2.6 retained von Baeyer names	N1(CCC2CC1)CC2
arylGroups.xml	resorcinol	ring/ring/z	allowed	P-63.1.1 retained hydroxy compounds	c1(O)cc(O)ccc1
arylGroups.xml	rhodanin	ring/ring/z	blocked	not retained for general nomenclature	S1C(=S)NC(=O)C1
arylGroups.xml	rhodocen	ring/ring/z	blocked	not retained for general nomenclature	[CH-]1cccc1.[CH-]1cccc1.[Rh+2]
arylGroups.xml	rubicen	ring/ring/z	allowed	P-25.1.1 Table 2.7 retained fused hydrocarbons	c1ccc2c3ccccc3c3c4cccc5c6ccccc6c6c71.c237.c456
arylGroups.xml	ruthenocen	ring/ring/z	blocked	not retained for general nomenclature	[CH-]1cccc1.[CH-]1cccc1.[Ru+2]
arylGroups.xml	safrol	ring/ring/z	blocked	not retained for general nomenclature	O1COc2cc(CC=C)ccc12
arylGroups.xml	s-indacen	ring/ring/z	allowed	P-25.1.1 Table 2.7 retained fused hydrocarbons	c1ccc2cc3cccc3cc12
arylGroups.xml	s-triazin|sym-triazin	ring/ring/z	blocked	not retained for general nomenclature	n1cncnc1
arylGroups.xml	s-triazol|sym-triazol	ring/ring/z	blocked	not retained for general nomenclature	[nH]1ncnc1
arylGroups.xml	silanthren	ring/ring/z	allowed	P-25.2.2.2 heteranthrenes	c1cccc2[siH]c3ccccc3[siH]c12
arylGroups.xml	skatol	ring/ring/z	blocked	not retained for general nomenclature	[nH]1cc(C)c2ccccc12
arylGroups.xml	stilben	ring/ring/z	allowed	P-31.1.3.4 retained ring-chain hydrocarbons	c1(ccccc1)C=Cc2ccccc2
arylGroups.xml	sulfolan	ring/ring/z	blocked	not retained for general nomenclature	S1(=O)(=O)CCCC1
arylGroups.xml	sulfol-2-en	ring/ring/z	blocked	not retained for general nomenclature	S1(=O)(=O)C=CCC1
arylGroups.xml	sulfol-3-en	ring/ring/z	blocked	not retained for general nomenclature	S1(=O)(=O)CC=CC1
arylGroups.xml	sulfolen	ring/ring/z	blocked	not retained for general nomenclature	S1(=O)(=O)CCCC1
arylGroups.xml	styren	ring/ring/z	allowed	P-31.1.3.4 retained ring-chain hydrocarbons	C=Cc1ccccc1
arylGroups.xml	selenanthren	ring/ring/z	allowed	P-25.2.2.2 heteranthrenes	c1cccc2[se]c3ccccc3[se]c12
arylGroups.xml	selenophen	ring/ring/z	allowed	P-22.2.1 Table 2.2 retained mancude heteromonocycles	[se]1cccc1
arylGroups.xml	telluranthren	ring/ring/z	allowed	P-25.2.2.2 heteranthrenes	c1cccc2[te]c3ccccc3[te]c12
arylGroups.xml	tellurophen	ring/ring/z	allowed	P-22.2.1 Table 2.2 retained mancude heteromonocycles	[te]1cccc1
arylGroups.xml	tetralin	ring/ring/z	blocked	not retained for general nomenclature	C1CCCc2ccccc12
arylGroups.xml	tetralon	ring/ring/z	blocked	not retained for general nomenclature	C1CCCc2ccccc12
arylGroups.xml	thebenidin	ring/ring/z	blocked	not retained for general nomenclature	c1ccc2ncc3cccc4ccc1c2c34
arylGroups.xml	theobromin	ring/ring/z	blocked	not retained for general nomenclature	[nH]1c(=O)n(C)c2ncn(C)c2c1=O
arylGroups.xml	theophyllin	ring/ring/z	blocked	not retained for general nomenclature	n1(C)c(=O)n(C)c2nc[nH]c2c1=O
arylGroups.xml	thianthren	ring/ring/z	allowed	P-25.2.2.2 heteranthrenes	c1cccc2sc3ccccc3sc12
arylGroups.xml	thiophen	ring/ring/z	allowed	P-22.2.1 Table 2.2 retained mancude heteromonocycles	s1cccc1
arylGroups.xml	titanocen	ring/ring/z	blocked	not retained for general nomenclature	[CH-]1cccc1.[CH-]1cccc1.[Ti+2]
arylGroups.xml	tolan	ring/ring/z	blocked	not retained for general nomenclature	c1(ccccc1)C#Cc2ccccc2
arylGroups.xml	toluen	ring/ring/z	allowed	P-22.1.3 retained parent hydrocarbons	Cc1ccccc1
arylGroups.xml	toluidin	ring/ring/z	blocked	not retained for general nomenclature	Nc1ccccc1
arylGroups.xml	trinden	ring/ring/z	blocked	not retained for general nomenclature	[cH2]1ccc2c3cccc3c4cccc4c12
arylGroups.xml	trinaphthylen	ring/ring/z	allowed	P-25.1.2 systematically named fused hydrocarbons	c1cccc2cc3c4cc5ccccc5cc4c4cc5ccccc5cc4c3cc12
arylGroups.xml	triphenodioxazin	ring/ring/z	blocked	not retained for general nomenclature	c1cccc2oc3cc4nc5ccccc5oc4cc3nc12
arylGroups.xml	triphenodithiazin	ring/ring/z	blocked	not retained for general nomenclature	c1cccc2sc3cc4nc5ccccc5sc4cc3nc12
arylGroups.xml	triphenylen	ring/ring/z	allowed	P-25.1.2 systematically named fused hydrocarbons	c1cccc2c3ccccc3c3ccccc3c12
arylGroups.xml	tritan	ring/ring/z	blocked	not retained for general nomenclature	C(c1ccccc1)(c1ccccc1)c1ccccc1
arylGroups.xml	tyramin	ring/ring/z	blocked	not retained for general nomenclature	NCCc1ccc(cc1)O
arylGroups.xml	tryptamin	ring/ring/z	blocked	not retained for general nomenclature	NCCc1c[nH]c2ccccc12
arylGroups.xml	tryptolin	ring/ring/z	blocked	not retained for general nomenclature	C1NCCc2c3ccccc3[nH]c12
arylGroups.xml	uranocen	ring/ring/z	blocked	not retained for general nomenclature	[cH-]1ccc[cH-]ccc1.[cH-]1ccc[cH-]ccc1.[U+4]
arylGroups.xml	urazol	ring/ring/z	blocked	not retained for general nomenclature	N1NC(=O)NC1=O
arylGroups.xml	v-triazin	ring/ring/z	blocked	not retained for general nomenclature	n1nnccc1
arylGroups.xml	vanadocen	ring/ring/z	blocked	not retained for general nomenclature	[CH-]1cccc1.[CH-]1cccc1.[V+2]
arylGroups.xml	veratrol	ring/ring/z	blocked	not retained for general nomenclature	c1(c(OC)cccc1)OC
arylGroups.xml	xanthen	ring/ring/z	allowed	P-25.2.1 Table 2.8 retained fused heterocycles	c1cccc2oc3ccccc3[cH2]c12
arylGroups.xml	thioxanthen	ring/ring/z	allowed	P-25.2.1 Table 2.8 retained fused heterocycles	c1cccc2sc3ccccc3[cH2]c12
arylGroups.xml	selenoxanthen	ring/ring/z	allowed	P-25.2.1 Table 2.8 retained fused heterocycles	c1cccc2[se]c3ccccc3[cH2]c12
arylGroups.xml	telluroxanthen	ring/ring/z	allowed	P-25.2.1 Table 2.8 retained fused heterocycles	c1cccc2[te]c3ccccc3[cH2]c12
arylGroups.xml	xanthylium	ring/ring/z	blocked	not retained for general nomenclature	c1cccc2[o+]c3ccccc3cc12
arylGroups.xml	violanthren	ring/ring/z	blocked	not retained for general nomenclature	c1cccc2Cc3ccc4c5ccc6Cc7ccccc7c8ccc9c%10ccc%11c12.c3%11c4%10.c59c68
arylGroups.xml	xylen	ring/ring/z	allowed	P-22.1.3 retained parent hydrocarbons	c1ccccc1
arylGroups.xml	xylidin	ring/ring/z	blocked	not retained for general nomenclature	Nc1ccccc1
arylGroups.xml	zirconocen	ring/ring/z	blocked	not retained for general nomenclature	[CH-]1cccc1.[CH-]1cccc1.[Zr+2]
arylGroups.xml	adenin	ring/biochemical/z	blocked	not retained for general nomenclature	n1cnc2nc[nH]c2c1N
arylGroups.xml	cytosin	ring/biochemical/z	blocked	not retained for general nomenclature	[nH]1c(=O)nc(N)cc1
arylGroups.xml	isocytosin	ring/biochemical/z	blocked	not retained for general nomenclature	n1c(N)[nH]c(=O)cc1
arylGroups.xml	guanin	ring/biochemical/z	blocked	not retained for general nomenclature	[nH]1c(N)nc2nc[nH]c2c1=O
arylGroups.xml	isoguanin	ring/biochemical/z	blocked	not retained for general nomenclature	[nH]1c(=O)nc2nc[nH]c2c1N
arylGroups.xml	hypoxanthin	ring/biochemical/z	blocked	not retained for general nomenclature	[nH]1cnc2nc[nH]c2c1=O
arylGroups.xml	thymin	ring/biochemical/z	blocked	not retained for general nomenclature	[nH]1c(=O)[nH]c(=O)c(C)c1
arylGroups.xml	uracil	ring/biochemical/z	blocked	not retained for general nomenclature	[nH]1c(=O)[nH]c(=O)cc1
arylGroups.xml	xanthin	ring/biochemical/z	blocked	not retained for general nomenclature	[nH]1c(=O)[nH]c2nc[nH]c2c1=O
arylGroups.xml	adenosin	ring/biochemical/z	blocked	not retained for general nomenclature	[C@@H]1([C@H](O)[C@H](O)[C@@H](CO)O1)n2cnc3c([nH2])ncnc23
arylGroups.xml	cytidin	ring/biochemical/z	blocked	not retained for general nomenclature	[C@@H]1([C@H](O)[C@H](O)[C@@H](CO)O1)n2c(=O)nc([nH2])cc2
arylGroups.xml	isocytidin	ring/biochemical/z	blocked	not retained for general nomenclature	[C@@H]1([C@H](O)[C@H](O)[C@@H](CO)O1)n2c(N)nc(=O)cc2
arylGroups.xml	guanosin	ring/biochemical/z	blocked	not retained for general nomenclature	[C@@H]1([C@H](O)[C@H](O)[C@@H](CO)O1)n2cnc3c(o)[nH]c(N)nc23
arylGroups.xml	isoguanosin	ring/biochemical/z	blocked	not retained for general nomenclature	[C@@H]1([C@H](O)[C@H](O)[C@@H](CO)O1)n2cnc3c(N)[nH]c(=O)nc23
arylGroups.xml	inosin	ring/biochemical/z	blocked	not retained for general nomenclature	[C@@H]1([C@H](O)[C@H](O)[C@@H](CO)O1)n2cnc3c([oH])ncnc23
arylGroups.xml	thioinosin	ring/biochemical/z	blocked	not retained for general nomenclature	[C@@H]1([C@H](O)[C@H](O)[C@@H](CO)O1)n2cnc3c([sH])ncnc23
arylGroups.xml	thymidin|deoxythymidin	ring/biochemical/z	blocked	not retained for general nomenclature	[C@@H]1(C[C@H](O)[C@@H](CO)O1)n2c(=O)[nH]c(=O)c(C)c2
arylGroups.xml	uridin	ring/biochemical/z	blocked	not retained for general nomenclature	[C@@H]1([C@H](O)[C@H](O)[C@@H](CO)O1)n2c(=O)[nH]c(=O)cc2
arylGroups.xml	xanthosin	ring/biochemical/z	blocked	not retained for general nomenclature	[C@@H]1([C@H](O)[C@H](O)[C@@H](CO)O1)n2cnc3c(=O)[nH]c(=O)[nH]c23
arylGroups.xml	nucleocidin	ring/biochemical/z	blocked	not retained for general nomenclature	[C@@H]1([C@H](O)[C@H](O)[C@@](F)(COS(=O)(=O)N)O1)n2cnc3c(N)ncnc23
arylGroups.xml	idoxuridin	ring/biochemical/z	blocked	not retained for general nomenclature	[C@@H]1(C[C@H](O)[C@@H](CO)O1)n2c(=O)[nH]c(=O)c(I)c2
arylGroups.xml	ribosylthymin	ring/biochemical/z	blocked	not retained for general nomenclature	[C@@H]1([C@H](O)[C@H](O)[C@@H](CO)O1)n2c(=O)[nH]c(=O)c(C)c2
arylGroups.xml	orotidin	ring/biochemical/z	blocked	not retained for general nomenclature	[C@@H]1([C@H](O)[C@H](O)[C@@H](CO)O1)n2c(=O)[nH]c(=O)cc2C(=O)O
arylGroups.xml	pseudouridin	ring/biochemical/z	blocked	not retained for general nomenclature	[C@@H]1([C@H](O)[C@H](O)[C@@H](CO)O1)c2c[nH]c(=O)[nH]c2(=O)
arylGroups.xml	wybutosin	ring/biochemical/z	blocked	not retained for general nomenclature	[C@@H]1([C@H](O)[C@H](O)[C@@H](CO)O1)n2cnc3c(=O)n4c(CC[C@@H](C(=O)OC)NC(=O)OC)c(C)nc4n(C)c32
arylGroups.xml	apigenin	ring/biochemical/z	blocked	not retained for general nomenclature	o1c(cc(=O)c2c(O)cc(O)cc12)c3ccc(O)cc3
arylGroups.xml	aromadendrin|aromodendrin	ring/biochemical/z	blocked	not retained for general nomenclature	O1[C@@H]([C@@H](O)C(=O)c2c(O)cc(O)cc12)c3ccc(O)cc3
arylGroups.xml	taxifolin|dihydroquercetin	ring/biochemical/z	blocked	not retained for general nomenclature	O1[C@@H]([C@@H](O)C(=O)c2c(O)cc(O)cc12)c3cc(O)c(O)cc3
arylGroups.xml	auron	ring/biochemical/z	blocked	not retained for general nomenclature	O1\C(=C/c2ccccc2)C(=O)c3ccccc13
arylGroups.xml	coumestan	ring/biochemical/z	blocked	not retained for general nomenclature	c1cccc2OCc3c4ccccc4oc3c12
arylGroups.xml	cyanidin	ring/biochemical/z	blocked	not retained for general nomenclature	[o+]1c(c(O)cc2c(O)cc(O)cc12)c3cc(O)c(O)cc3
arylGroups.xml	diosmetin	ring/biochemical/z	blocked	not retained for general nomenclature	o1c(cc(=O)c2c(O)cc(O)cc12)c3cc(O)c(OC)cc3
arylGroups.xml	flavan	ring/biochemical/z	blocked	not retained for general nomenclature	O1C(CCc2ccccc12)c3ccccc3
arylGroups.xml	flavan-2-en|flav-2-en	ring/biochemical/z	blocked	not retained for general nomenclature	O1C(=CCc2ccccc12)c3ccccc3
arylGroups.xml	flavan-3-en|flav-3-en	ring/biochemical/z	blocked	not retained for general nomenclature	O1C(C=Cc2ccccc12)c3ccccc3
arylGroups.xml	flavon	ring/biochemical/z	blocked	not retained for general nomenclature	o1c(cc(=O)c2ccccc12)c3ccccc3
arylGroups.xml	flavanon	ring/biochemical/z	blocked	not retained for general nomenclature	O1C(CC(=O)c2ccccc12)c3ccccc3
arylGroups.xml	genistein	ring/biochemical/z	blocked	not retained for general nomenclature	o1cc(c(=O)c2c(O)cc(O)cc12)c3ccc(O)cc3
arylGroups.xml	dihydrogenistein	ring/biochemical/z	blocked	not retained for general nomenclature	O1CC(C(=O)c2c(O)cc(O)cc12)c3ccc(O)cc3
arylGroups.xml	genistin	ring/biochemical/z	blocked	not retained for general nomenclature	o1cc(c(=O)c2c(O)cc(O[C@H]4[C@H](O)[C@@H](O)[C@H](O)[C@@H](CO)O4)cc12)c3ccc(O)cc3
arylGroups.xml	isoflavan|iso-flavan	ring/biochemical/z	blocked	not retained for general nomenclature	O1CC(Cc2ccccc12)c3ccccc3
arylGroups.xml	isoflavan-2-en|isoflav-2-en|iso-flavan-2-en|iso-flav-2-en	ring/biochemical/z	blocked	not retained for general nomenclature	O1C=C(Cc2ccccc12)c3ccccc3
arylGroups.xml	isoflavan-3-en|isoflav-3-en|iso-flavan-3-en|iso-flav-3-en	ring/biochemical/z	blocked	not retained for general nomenclature	O1CC(=Cc2ccccc12)c3ccccc3
arylGroups.xml	isoflavon|iso-flavon	ring/biochemical/z	blocked	not retained for general nomenclature	o1cc(c(=O)c2ccccc12)c3ccccc3
arylGroups.xml	luteolin	ring/biochemical/z	blocked	not retained for general nomenclature	o1c(cc(=O)c2c(O)cc(O)cc12)c3cc(O)c(O)cc3
arylGroups.xml	naringenin	ring/biochemical/z	blocked	not retained for general nomenclature	O1[C@@H](CC(=O)c2c(O)cc(O)cc12)c3ccc(O)cc3
arylGroups.xml	neoflavan|neo-flavan	ring/biochemical/z	blocked	not retained for general nomenclature	O1CCC(c2ccccc12)c3ccccc3
arylGroups.xml	neoflavan-2-en|neoflav-2-en|neo-flavan-2-en|neo-flav-2-en	ring/biochemical/z	blocked	not retained for general nomenclature	O1C=CC(c2ccccc12)c3ccccc3
arylGroups.xml	neoflavan-3-en|neoflav-3-en|neo-flavan-3-en|neo-flav-3-en	ring/biochemical/z	blocked	not retained for general nomenclature	O1CC=C(c2ccccc12)c3ccccc3
arylGroups.xml	neoflavon|neo-flavon	ring/biochemical/z	blocked	not retained for general nomenclature	o1c(=O)cc(c2ccccc12)c3ccccc3
arylGroups.xml	quercetin	ring/biochemical/z	blocked	not retained for general nomenclature	o1c(c(O)c(=O)c2c(O)cc(O)cc12)c3cc(O)c(O)cc3
arylGroups.xml	bilin	ring/biochemical/z	blocked	not retained for general nomenclature	[nH]1cccc1cc2ccc(n2)cc3ccc(n3)cc4cccn4
arylGroups.xml	corrin	ring/biochemical/z	blocked	not retained for general nomenclature	C12CCc(n1)cc3CCc(n3)cc4CCc(n4)cc5CCC2[nH]5
arylGroups.xml	dihydrophloroglucinol	ring/biochemical/z	blocked	not retained for general nomenclature	C1(=O)C=C(O)CC(O)C1
arylGroups.xml	porphyrin|porphin	ring/biochemical/z	blocked	not retained for general nomenclature	c12ccc([nH]1)cc3ccc(n3)cc4ccc([nH]4)cc5ccc(n5)c2
simpleGroups.xml	acetoin	simpleGroup/simpleGroup/G	blocked	not retained for general nomenclature	OC(C(C)=O)C
simpleGroups.xml	acetone cyanohydrin	simpleGroup/simpleGroup/G	blocked	not retained for general nomenclature	CC(C#N)(O)C
simpleGroups.xml	acetoxime|acetoxim	simpleGroup/simpleGroup/G	blocked	not retained for general nomenclature	CC(C)=NO
simpleGroups.xml	acetoxylium	simpleGroup/simpleGroup/G	blocked	not retained for general nomenclature	CC(=O)[O+]
simpleGroups.xml	acrolein	simpleGroup/simpleGroup/G	blocked	not retained for general nomenclature	C(=O)C=C
simpleGroups.xml	agmatine|agmatin	simpleGroup/simpleGroup/G	blocked	not retained for general nomenclature	NC(NCCCCN)=N
simpleGroups.xml	allicin	simpleGroup/simpleGroup/G	blocked	not retained for general nomenclature	C=CCS(SCC=C)=O
simpleGroups.xml	aluminohydride|aluminohydrid	simpleGroup/simpleGroup/G	blocked	not retained for general nomenclature	[AlH4-]
simpleGroups.xml	amidogen	simpleGroup/simpleGroup/G	blocked	not retained for general nomenclature	[NH2]
simpleGroups.xml	aminoxide|aminoxid	simpleGroup/simpleGroup/G	allowed	P-72/P-73 retained ion names	N[O-]
simpleGroups.xml	aminoxylium	simpleGroup/simpleGroup/G	allowed	P-72/P-73 retained ion names	N[O+]
simpleGroups.xml	aminylium	simpleGroup/simpleGroup/G	allowed	P-72/P-73 retained ion names	[NH2+]
simpleGroups.xml	ammoniumolate|ammoniumolat	simpleGroup/simpleGroup/G	blocked	not retained for general nomenclature	[NH3+][O-]
simpleGroups.xml	anandamide|anandamid	simpleGroup/simpleGroup/G	blocked	not retained for general nomenclature	C(CCC\C=C/C\C=C/C\C=C/C\C=C/CCCCC)(=O)NCCO
simpleGroups.xml	arsin	simpleGroup/simpleGroup/G	blocked	not retained for general nomenclature	[AsH3]
simpleGroups.xml	biacetyl	simpleGroup/simpleGroup/G	blocked	not retained for general nomenclature	C(=O)(C)C(=O)C
simpleGroups.xml	bicine|bicin	simpleGroup/simpleGroup/G	blocked	not retained for general nomenclature	O=C(CN(CCO)CCO)O
simpleGroups.xml	bifluoride|bifluorid	simpleGroup/simpleGroup/G	blocked	not retained for general nomenclature	F[H-]F
simpleGroups.xml	biisopropenyl	simpleGroup/simpleGroup/G	blocked	not retained for general nomenclature	C=C(C(C)=C)C
simpleGroups.xml	biisopropyl	simpleGroup/simpleGroup/G	blocked	not retained for general nomenclature	CC(C(C)C)C
simpleGroups.xml	biguanide|biguanid	simpleGroup/simpleGroup/G	blocked	not retained for general nomenclature	NC(=N)NC(=N)N
simpleGroups.xml	biguanidine|biguanidin	simpleGroup/simpleGroup/G	blocked	not retained for general nomenclature	NC(=N)NNC(=N)N
simpleGroups.xml	bismuth oxychloride|bismuthoxychloride|bismuth oxychlorid|bismuthoxychlorid	simpleGroup/simpleGroup/G	blocked	not retained for general nomenclature	Cl[Bi]=O
simpleGroups.xml	bistriflimide|bistriflimid	simpleGroup/simpleGroup/G	blocked	not retained for general nomenclature	[N-](S(=O)(=O)C(F)(F)F)S(=O)(=O)C(F)(F)F
simpleGroups.xml	bisulfide|bisulfid	simpleGroup/simpleGroup/G	blocked	not retained for general nomenclature	[SH-]
simpleGroups.xml	bitartrate|bitartrat	simpleGroup/simpleGroup/G	blocked	not retained for general nomenclature	[O-]C(=O)C(O)C(O)C(=O)O
simpleGroups.xml	biurea	simpleGroup/simpleGroup/G	blocked	not retained for general nomenclature	NC(=O)NNC(N)=O
simpleGroups.xml	biuret	simpleGroup/simpleGroup/G	blocked	not retained for general nomenclature	NC(=O)NC(=O)N
simpleGroups.xml	bombykol	simpleGroup/simpleGroup/G	blocked	not retained for general nomenclature	OCCCCCCCCC/C=C/C=C\CCC
simpleGroups.xml	borodeuteride|borodeuterid	simpleGroup/simpleGroup/G	blocked	not retained for general nomenclature	[BH4-]
simpleGroups.xml	borohydride|borohydrid	simpleGroup/simpleGroup/G	blocked	not retained for general nomenclature	[BH4-]
simpleGroups.xml	borotritide|borotritid	simpleGroup/simpleGroup/G	blocked	not retained for general nomenclature	[BH4-]
simpleGroups.xml	bromal	simpleGroup/simpleGroup/G	blocked	not retained for general nomenclature	O=CC(Br)(Br)Br
simpleGroups.xml	bromamine|bromamide|bromamin|bromamid	simpleGroup/simpleGroup/G	blocked	not retained for general nomenclature	NBr
simpleGroups.xml	dibromamine|bromimide|dibromamin|bromimid	simpleGroup/simpleGroup/G	blocked	not retained for general nomenclature	N(Br)Br
simpleGroups.xml	bromoform	simpleGroup/simpleGroup/G	allowed	P-61.3.4 retained haloforms	C(Br)(Br)(Br)
simpleGroups.xml	busulfan	simpleGroup/simpleGroup/G	blocked	not retained for general nomenclature	O=S(OCCCCOS(=O)(C)=O)(C)=O
simpleGroups.xml	butoxide|n-butoxide|butoxid|n-butoxid	simpleGroup/simpleGroup/G	allowed	P-72/P-73 retained ion names	[O-]CCCC
simpleGroups.xml	butoxylium	simpleGroup/simpleGroup/G	allowed	P-72/P-73 retained ion names	[O+]CCCC
simpleGroups.xml	butyroin	simpleGroup/simpleGroup/G	blocked	not retained for general nomenclature	CCCC(C(O)CCC)=O
simpleGroups.xml	cadaverine|cadaverin	simpleGroup/simpleGroup/G	blocked	not retained for general nomenclature	NCCCCCN
simpleGroups.xml	camphor	simpleGroup/simpleGroup/G	blocked	not retained for general nomenclature	C123C(=O)CC4CC1.C24(C)C.C3
simpleGroups.xml	camphorsulfonate|camphorsulfonat	simpleGroup/simpleGroup/G	blocked	not retained for general nomenclature	C123C(=O)CC4CC1.C24(C)C.C3
simpleGroups.xml	camphor-10-sulfonate|camphor-10-sulfonat	simpleGroup/simpleGroup/G	blocked	not retained for general nomenclature	C123C(=O)CC4CC1.C24(C)C.C3S(=O)(=O)[O-]
simpleGroups.xml	camphorsulfonic|camphorsulfonicacid|camphorsulfonic acid	simpleGroup/simpleGroup/G	blocked	not retained for general nomenclature	C123C(=O)CC4CC1.C24(C)C.C3
simpleGroups.xml	camphor-10-sulfonic|camphor-10-sulfonicacid|camphor-10-sulfonic acid	simpleGroup/simpleGroup/G	blocked	not retained for general nomenclature	C123C(=O)CC4CC1.C24(C)C.C3S(=O)(=O)O
simpleGroups.xml	capraldehyde|capraldehyd	simpleGroup/simpleGroup/G	blocked	not retained for general nomenclature	C(=O)CCCCCCCCC
simpleGroups.xml	capramide|capramid	simpleGroup/simpleGroup/G	blocked	not retained for general nomenclature	NC(=O)CCCCCCCCC
simpleGroups.xml	caprate|caprat	simpleGroup/simpleGroup/G	blocked	not retained for general nomenclature	[O-]C(=O)CCCCCCCCC
simpleGroups.xml	capric|capricacid|capric acid	simpleGroup/simpleGroup/G	blocked	not retained for general nomenclature	OC(=O)CCCCCCCCC
simpleGroups.xml	caprinitrile|caprinitril	simpleGroup/simpleGroup/G	blocked	not retained for general nomenclature	C(#N)CCCCCCCCC
simpleGroups.xml	capriphenone|capriphenon	simpleGroup/simpleGroup/G	blocked	not retained for general nomenclature	c1(ccccc1)C(=O)CCCCCCCCC
simpleGroups.xml	carbazone|carbazon	simpleGroup/simpleGroup/G	blocked	not retained for general nomenclature	NNC(=O)N=N
simpleGroups.xml	carbinol	simpleGroup/simpleGroup/G	blocked	not retained for general nomenclature	CO
simpleGroups.xml	carbodiazone|carbodiazon	simpleGroup/simpleGroup/G	blocked	not retained for general nomenclature	N=NC(=O)N=N
simpleGroups.xml	carbodiimide|carbodiimid	simpleGroup/simpleGroup/G	allowed	P-31.1.2.1 retained acyclic parent hydrides	N=C=N
simpleGroups.xml	carbonohydrazide|carbohydrazide|carbazide|carbonohydrazid|carbohydrazid|carbazid	simpleGroup/simpleGroup/G	blocked	not retained for general nomenclature	NNC(=O)NN
simpleGroups.xml	cetane	simpleGroup/simpleGroup/G	blocked	not retained for general nomenclature	CCCCCCCCCCCCCCCC
simpleGroups.xml	cetanol	simpleGroup/simpleGroup/G	blocked	not retained for general nomenclature	OCCCCCCCCCCCCCCCC
simpleGroups.xml	chloral	simpleGroup/simpleGroup/G	blocked	not retained for general nomenclature	O=CC(Cl)(Cl)Cl
simpleGroups.xml	chloral formamide|chloralformamide|chloral formamid|chloralformamid	simpleGroup/simpleGroup/G	blocked	not retained for general nomenclature	ClC(Cl)(Cl)C(O)NC=O
simpleGroups.xml	chloral hydrate|chloralhydrate|chloral hydrat|chloralhydrat	simpleGroup/simpleGroup/G	blocked	not retained for general nomenclature	ClC(C(O)O)(Cl)Cl
simpleGroups.xml	chloramine|chloramide|chloramin|chloramid	simpleGroup/simpleGroup/G	blocked	not retained for general nomenclature	NCl
simpleGroups.xml	dichloramine|chlorimide|dichloramin|chlorimid	simpleGroup/simpleGroup/G	blocked	not retained for general nomenclature	N(Cl)Cl
simpleGroups.xml	chloroform	simpleGroup/simpleGroup/G	allowed	P-61.3.4 retained haloforms	C(Cl)(Cl)(Cl)
simpleGroups.xml	chloropicrin	simpleGroup/simpleGroup/G	blocked	not retained for general nomenclature	O=[N+](C(Cl)(Cl)Cl)[O-]
simpleGroups.xml	citral	simpleGroup/simpleGroup/G	blocked	not retained for general nomenclature	CC(C)=CCCC(C)=CC=O
simpleGroups.xml	citronellol|beta-citronellol	simpleGroup/simpleGroup/G	blocked	not retained for general nomenclature	C/C(C)=C\CCC(C)CCO
simpleGroups.xml	alpha-citronellol	simpleGroup/simpleGroup/G	blocked	not retained for general nomenclature	C=C(C)CCCC(C)CCO
simpleGroups.xml	citronellal|beta-citronellal	simpleGroup/simpleGroup/G	blocked	not retained for general nomenclature	C/C(C)=C\CCC(C)CC=O
simpleGroups.xml	alpha-citronellal	simpleGroup/simpleGroup/G	blocked	not retained for general nomenclature	C=C(C)CCCC(C)CC=O
simpleGroups.xml	crotonylene|crotonylen	simpleGroup/simpleGroup/G	blocked	not retained for general nomenclature	CC#CC
simpleGroups.xml	cyanamide	simpleGroup/simpleGroup/G	allowed	P-66 retained amide/amidine names (cyanamide)	N#CN
simpleGroups.xml	cyanic|cyanicacid|cyanic acid	simpleGroup/simpleGroup/G	allowed	P-65.2 retained carbon acids	N#CO
simpleGroups.xml	cyanogen	simpleGroup/simpleGroup/G	blocked	not retained for general nomenclature	N#CC#N
simpleGroups.xml	cyanogen azide|cyanogen azid	simpleGroup/simpleGroup/G	blocked	not retained for general nomenclature	N#CN=[N+]=[N-]
simpleGroups.xml	cyanogen bromide|cyanogen bromid	simpleGroup/simpleGroup/G	blocked	not retained for general nomenclature	N#CBr
simpleGroups.xml	cyanogen chloride|cyanogen chlorid	simpleGroup/simpleGroup/G	blocked	not retained for general nomenclature	N#CCl
simpleGroups.xml	cyanogen fluoride|cyanogen fluorid	simpleGroup/simpleGroup/G	blocked	not retained for general nomenclature	N#CF
simpleGroups.xml	cyanogen iodide|cyanogen iodid	simpleGroup/simpleGroup/G	blocked	not retained for general nomenclature	N#CI
simpleGroups.xml	cyanuric acid|cyanuricacid	simpleGroup/simpleGroup/G	blocked	not retained for general nomenclature	N1C(=O)NC(=O)NC1=O
simpleGroups.xml	dansylamide|dansylamid	simpleGroup/simpleGroup/G	blocked	not retained for general nomenclature	NS(=O)(=O)c1cccc2c(N(C)C)cccc12
simpleGroups.xml	diacetamide|diacetamid	simpleGroup/simpleGroup/G	blocked	not retained for general nomenclature	CC(=O)NC(=O)C
simpleGroups.xml	diacetonamine|diacetonamin	simpleGroup/simpleGroup/G	blocked	not retained for general nomenclature	CC(CC(C)(N)C)=O
simpleGroups.xml	diacetone alcohol	simpleGroup/simpleGroup/G	blocked	not retained for general nomenclature	CC(CC(C)(O)C)=O
simpleGroups.xml	dichlorvos	simpleGroup/simpleGroup/G	blocked	not retained for general nomenclature	O=P(OC)(OC=C(Cl)Cl)OC
simpleGroups.xml	dicyan	simpleGroup/simpleGroup/G	blocked	not retained for general nomenclature	N#CC#N
simpleGroups.xml	dicyanamide|dicyanamid	simpleGroup/simpleGroup/G	blocked	not retained for general nomenclature	[N-](C#N)C#N
simpleGroups.xml	diethanolamine|diethanolamin	simpleGroup/simpleGroup/G	blocked	not retained for general nomenclature	N(CCO)CCO
simpleGroups.xml	dimercaprol	simpleGroup/simpleGroup/G	blocked	not retained for general nomenclature	OCC(S)CS
simpleGroups.xml	diglyme	simpleGroup/simpleGroup/G	blocked	not retained for general nomenclature	COCCOCCOC
simpleGroups.xml	diphosgene|diphosgen	simpleGroup/simpleGroup/G	blocked	not retained for general nomenclature	O=C(OC(Cl)(Cl)Cl)Cl
simpleGroups.xml	epibromohydrin	simpleGroup/simpleGroup/G	blocked	not retained for general nomenclature	C(Br)C1CO1
simpleGroups.xml	epichlorohydrin	simpleGroup/simpleGroup/G	blocked	not retained for general nomenclature	C(Cl)C1CO1
simpleGroups.xml	epifluorohydrin	simpleGroup/simpleGroup/G	blocked	not retained for general nomenclature	C(F)C1CO1
simpleGroups.xml	epiiodohydrin	simpleGroup/simpleGroup/G	blocked	not retained for general nomenclature	C(I)C1CO1
simpleGroups.xml	erythrene|erythren	simpleGroup/simpleGroup/G	blocked	not retained for general nomenclature	C=CC=C
simpleGroups.xml	ethoxide|ethoxid	simpleGroup/simpleGroup/G	allowed	P-72/P-73 retained ion names	[O-]CC
simpleGroups.xml	ethoxylium	simpleGroup/simpleGroup/G	allowed	P-72/P-73 retained ion names	[O+]CC
simpleGroups.xml	ethylene|ethylen	simpleGroup/simpleGroup/G	blocked	not retained for general nomenclature	C=C
simpleGroups.xml	alpha-farnesene|alpha-farnesen	simpleGroup/simpleGroup/G	blocked	not retained for general nomenclature	CC(C)=CCC\C(C)=C\C\C=C(/C)C=C
simpleGroups.xml	beta-farnesene|beta-farnesen	simpleGroup/simpleGroup/G	blocked	not retained for general nomenclature	CCC(=C)CC\C=C(/C)CCC=C(C)C
simpleGroups.xml	farnesol	simpleGroup/simpleGroup/G	blocked	not retained for general nomenclature	OCC=C(C)CCC=C(C)CCC=C(C)C
simpleGroups.xml	felbinac	simpleGroup/simpleGroup/G	blocked	not retained for general nomenclature	OC(=O)Cc1ccc(c2ccccc2)cc1
simpleGroups.xml	ferricyanide|ferricyanid	simpleGroup/simpleGroup/G	blocked	not retained for general nomenclature	[Fe-3](C#N)(C#N)(C#N)(C#N)(C#N)C#N
simpleGroups.xml	ferrocyanide|ferrocyanid	simpleGroup/simpleGroup/G	blocked	not retained for general nomenclature	[Fe-4](C#N)(C#N)(C#N)(C#N)(C#N)C#N
simpleGroups.xml	fluoramine|fluoramide|fluoramin|fluoramid	simpleGroup/simpleGroup/G	blocked	not retained for general nomenclature	NF
simpleGroups.xml	difluoramine|fluorimide|difluoramin	simpleGroup/simpleGroup/G	blocked	not retained for general nomenclature	N(F)F
simpleGroups.xml	fluoroform	simpleGroup/simpleGroup/G	blocked	not retained for general nomenclature	C(F)(F)(F)
simpleGroups.xml	fulminicacid|fulminic acid	simpleGroup/simpleGroup/G	blocked	not retained for general nomenclature	[O-][N+]#C
simpleGroups.xml	gallohydride|gallohydrid	simpleGroup/simpleGroup/G	blocked	not retained for general nomenclature	[GaH4-]
simpleGroups.xml	geranial	simpleGroup/simpleGroup/G	blocked	not retained for general nomenclature	CC(C)=CCC/C(C)=C/C=O
simpleGroups.xml	geraniol	simpleGroup/simpleGroup/G	blocked	not retained for general nomenclature	CC(C)=CCC/C(C)=C/CO
simpleGroups.xml	glycerol carbonate|glycerin carbonate|glyceryl carbonate|glycerol carbonat|glycerin carbonat|glyceryl carbonat	simpleGroup/simpleGroup/G	blocked	not retained for general nomenclature	OCC1OC(OC1)=O
simpleGroups.xml	glyme	simpleGroup/simpleGroup/G	blocked	not retained for general nomenclature	C(OC)COC
simpleGroups.xml	glyoxal	simpleGroup/simpleGroup/G	allowed	P-34.1 retained functional parents	C(=O)C(=O)
simpleGroups.xml	glyoxime|glyoxim	simpleGroup/simpleGroup/G	blocked	not retained for general nomenclature	C(=NO)C=NO
simpleGroups.xml	halothane|halothan	simpleGroup/simpleGroup/G	blocked	not retained for general nomenclature	C(Cl)(Br)C(F)(F)F
simpleGroups.xml	hexametapol	simpleGroup/simpleGroup/G	blocked	not retained for general nomenclature	O=P(N(C)C)(N(C)C)N(C)C
simpleGroups.xml	hexamethyldisilazide|hexamethyldisilazid	simpleGroup/simpleGroup/G	blocked	not retained for general nomenclature	C[Si]([N-][Si](C)(C)C)(C)C
simpleGroups.xml	hexamethyleneimine|hexamethyleneimin|hexamethylenimine|hexamethylenimin	simpleGroup/simpleGroup/G	blocked	not retained for general nomenclature	N1CCCCCC1
simpleGroups.xml	hexamethyleneiminium|hexamethyleniminium	simpleGroup/simpleGroup/G	blocked	not retained for general nomenclature	[NH2+]1CCCCCC1
simpleGroups.xml	hydronium	simpleGroup/simpleGroup/G	blocked	not retained for general nomenclature	[OH3+]
simpleGroups.xml	hydroxylium	simpleGroup/simpleGroup/G	blocked	not retained for general nomenclature	[OH+]
simpleGroups.xml	hydroperoxylium	simpleGroup/simpleGroup/G	blocked	not retained for general nomenclature	[OH+]O
simpleGroups.xml	hydroxycitronellal	simpleGroup/simpleGroup/G	blocked	not retained for general nomenclature	CC(CCCC(C)(C)O)CC=O
simpleGroups.xml	ibuprofen	simpleGroup/simpleGroup/G	blocked	not retained for general nomenclature	OC(=O)C(C)c1ccc(CC(C)C)cc1
simpleGroups.xml	imidogen	simpleGroup/simpleGroup/G	blocked	not retained for general nomenclature	=[NH]
simpleGroups.xml	iodoform	simpleGroup/simpleGroup/G	allowed	P-61.3.4 retained haloforms	C(I)(I)(I)
simpleGroups.xml	iron oxychloride|ironoxychloride|iron oxychlorid|ironoxychlorid	simpleGroup/simpleGroup/G	blocked	not retained for general nomenclature	Cl[Fe]=O
simpleGroups.xml	isobutoxide|iso-butoxide|isobutoxid|iso-butoxid|isobutylate|iso-butylate|isobutylat|iso-butylat	simpleGroup/simpleGroup/G	blocked	not retained for general nomenclature	CC(C)C[O-]
simpleGroups.xml	isobutylene|isobutylen	simpleGroup/simpleGroup/G	blocked	not retained for general nomenclature	CC(C)=C
simpleGroups.xml	isocarbonohydrazide|isocarbonohydrazid	simpleGroup/simpleGroup/G	blocked	not retained for general nomenclature	NNC(O)=NN
simpleGroups.xml	isocyanic|isocyanicacid|isocyanic acid	simpleGroup/simpleGroup/G	blocked	not retained for general nomenclature	N=C=O
simpleGroups.xml	isothiocyanic|isothiocyanicacid|isothiocyanic acid	simpleGroup/simpleGroup/G	blocked	not retained for general nomenclature	N=C=S
simpleGroups.xml	isoselenocyanic|isoselenocyanicacid|isoselenocyanic acid	simpleGroup/simpleGroup/G	blocked	not retained for general nomenclature	N=C=[Se]
simpleGroups.xml	isotellurocyanic|isotellurocyanicacid|isotellurocyanic acid	simpleGroup/simpleGroup/G	blocked	not retained for general nomenclature	N=C=[Te]
simpleGroups.xml	isocyanuric acid|isocyanuricacid	simpleGroup/simpleGroup/G	blocked	not retained for general nomenclature	N1C(=O)NC(=O)NC1=O
simpleGroups.xml	isofulminicacid|isofulminic acid	simpleGroup/simpleGroup/G	blocked	not retained for general nomenclature	O[N+]#[C-]
simpleGroups.xml	isophorone|isophoron	simpleGroup/simpleGroup/G	blocked	not retained for general nomenclature	O=C1C=C(CC(C)(C)C1)C
simpleGroups.xml	isophorone diisocyanate|isophorone diisocyanat|isophoron diisocyanat	simpleGroup/simpleGroup/G	blocked	not retained for general nomenclature	O=C=NC1CC(CN=C=O)(CC(C1)(C)C)C
simpleGroups.xml	isopropoxide|iso-propoxide|isopropoxid|iso-propoxid	simpleGroup/simpleGroup/G	blocked	not retained for general nomenclature	CC([O-])C
simpleGroups.xml	isoselenourea|isoselenurea	simpleGroup/simpleGroup/G	blocked	not retained for general nomenclature	NC([SeH])=N
simpleGroups.xml	isoselenouronium|isoselenuronium	simpleGroup/simpleGroup/G	blocked	not retained for general nomenclature	NC([SeH])=[NH2+]
simpleGroups.xml	isosemicarbazide|isosemicarbazid	simpleGroup/simpleGroup/G	blocked	not retained for general nomenclature	NNC(O)=N
simpleGroups.xml	isotellurourea|isotellururea	simpleGroup/simpleGroup/G	blocked	not retained for general nomenclature	NC([TeH])=N
simpleGroups.xml	isotellurouronium|isotellururonium	simpleGroup/simpleGroup/G	blocked	not retained for general nomenclature	NC([TeH])=[NH2+]
simpleGroups.xml	isothiourea|isothiurea	simpleGroup/simpleGroup/G	blocked	not retained for general nomenclature	NC(S)=N
simpleGroups.xml	isothiouronium|isothiuronium	simpleGroup/simpleGroup/G	blocked	not retained for general nomenclature	NC(S)=[NH2+]
simpleGroups.xml	isourea	simpleGroup/simpleGroup/G	blocked	not retained for general nomenclature	NC(O)=N
simpleGroups.xml	isouronium	simpleGroup/simpleGroup/G	blocked	not retained for general nomenclature	NC(O)=[NH2+]
simpleGroups.xml	itatartrate|itatartrat	simpleGroup/simpleGroup/G	blocked	not retained for general nomenclature	C(=O)([O-])C(CO)(O)CC(=O)[O-]
simpleGroups.xml	ketoprofen	simpleGroup/simpleGroup/G	blocked	not retained for general nomenclature	OC(=O)C(C)c1cc(C(=O)c2ccccc2)ccc1
simpleGroups.xml	laccerol	simpleGroup/simpleGroup/G	blocked	not retained for general nomenclature	C(O)CCCCCCCCCCCCCCCCCCCCCCCCCCCCCCC
simpleGroups.xml	linalool	simpleGroup/simpleGroup/G	blocked	not retained for general nomenclature	C=CC(O)(C)CCC=C(C)C
simpleGroups.xml	lignocerol	simpleGroup/simpleGroup/G	blocked	not retained for general nomenclature	C(O)CCCCCCCCCCCCCCCCCCCCCCC
simpleGroups.xml	mesilate|mesilat	simpleGroup/simpleGroup/G	blocked	not retained for general nomenclature	CS(=O)(=O)[O-]
simpleGroups.xml	mesityl oxide|mesityl oxid	simpleGroup/simpleGroup/G	blocked	not retained for general nomenclature	O=C(C)C=C(C)C
simpleGroups.xml	methacrolein	simpleGroup/simpleGroup/G	blocked	not retained for general nomenclature	O=CC(C)=C
simpleGroups.xml	methamidophos	simpleGroup/simpleGroup/G	blocked	not retained for general nomenclature	O=P(SC)(N)OC
simpleGroups.xml	methoxide|methoxid	simpleGroup/simpleGroup/G	allowed	P-72/P-73 retained ion names	C[O-]
simpleGroups.xml	methoxylium	simpleGroup/simpleGroup/G	allowed	P-72/P-73 retained ion names	C[O+]
simpleGroups.xml	methylal	simpleGroup/simpleGroup/G	blocked	not retained for general nomenclature	COCOC
simpleGroups.xml	methyleneimine|methyleneimin|methylenimine|methylenimin	simpleGroup/simpleGroup/G	blocked	not retained for general nomenclature	C=N
simpleGroups.xml	methyleneiminium|methyleniminium	simpleGroup/simpleGroup/G	blocked	not retained for general nomenclature	C=[NH2+]
simpleGroups.xml	monoethanolamine|mono-ethanolamine|monoethanolamin|mono-ethanolamin	simpleGroup/simpleGroup/G	blocked	not retained for general nomenclature	C(O)CN
simpleGroups.xml	monoglyme	simpleGroup/simpleGroup/G	blocked	not retained for general nomenclature	C(OC)COC
simpleGroups.xml	alpha-myrcene|alpha-myrcen	simpleGroup/simpleGroup/G	blocked	not retained for general nomenclature	C=CC(CCCC(C)=C)=C
simpleGroups.xml	beta-myrcene|beta-myrcen	simpleGroup/simpleGroup/G	blocked	not retained for general nomenclature	C=CC(CCC=C(C)C)=C
simpleGroups.xml	neopentyl glycol	simpleGroup/simpleGroup/G	blocked	not retained for general nomenclature	OCC(C)(CO)C
simpleGroups.xml	neral	simpleGroup/simpleGroup/G	blocked	not retained for general nomenclature	CC(C)=CCC/C(C)=C\C=O
simpleGroups.xml	nerol	simpleGroup/simpleGroup/G	blocked	not retained for general nomenclature	OC\C=C(/CCC=C(C)C)C
simpleGroups.xml	nerolidol	simpleGroup/simpleGroup/G	blocked	not retained for general nomenclature	OC(C)(C=C)CCC=C(C)CCC=C(C)C
simpleGroups.xml	neurine	simpleGroup/simpleGroup/G	blocked	not retained for general nomenclature	C=C[N+](C)(C)C.[OH-]
simpleGroups.xml	nitramide|nitramid	simpleGroup/simpleGroup/G	allowed	P-68.3 retained nitrogen parent names (nitramide)	N[N+](=O)([O-])
simpleGroups.xml	nitrenium	simpleGroup/simpleGroup/G	allowed	P-72/P-73 retained ion names	[NH2+]
simpleGroups.xml	nitroform	simpleGroup/simpleGroup/G	blocked	not retained for general nomenclature	C([N+](=O)[O-])([N+](=O)[O-])[N+](=O)[O-]
simpleGroups.xml	nitroglycerin	simpleGroup/simpleGroup/G	blocked	not retained for general nomenclature	C(C(CO[N+](=O)[O-])O[N+](=O)[O-])O[N+](=O)[O-]
simpleGroups.xml	nitrosonium	simpleGroup/simpleGroup/G	blocked	not retained for general nomenclature	N#[O+]
simpleGroups.xml	nitronium	simpleGroup/simpleGroup/G	blocked	not retained for general nomenclature	O=[N+]=O
simpleGroups.xml	nitrosamide|nitrosamid	simpleGroup/simpleGroup/G	blocked	not retained for general nomenclature	NN=O
simpleGroups.xml	nitrous oxide|nitrousoxide|nitrous oxid|nitrousoxid	simpleGroup/simpleGroup/G	blocked	not retained for general nomenclature	N#[N+][O-]
simpleGroups.xml	nitroxide|nitroxid	simpleGroup/simpleGroup/G	blocked	not retained for general nomenclature	ON
simpleGroups.xml	nitroxyl	simpleGroup/simpleGroup/G	blocked	not retained for general nomenclature	N=O
simpleGroups.xml	alpha-ocimene|alpha-ocimen	simpleGroup/simpleGroup/G	blocked	not retained for general nomenclature	C=CC(C)=CCCC(C)=C
simpleGroups.xml	beta-ocimene|beta-ocimen	simpleGroup/simpleGroup/G	blocked	not retained for general nomenclature	C=CC(C)=CCC=C(C)C
simpleGroups.xml	oxaldehyde|oxaldehyd	simpleGroup/simpleGroup/G	blocked	not retained for general nomenclature	C(=O)C=O
simpleGroups.xml	oxamide|oxamid	simpleGroup/simpleGroup/G	allowed	P-34.1 retained functional parents	NC(=O)C(=O)N
simpleGroups.xml	oxylium	simpleGroup/simpleGroup/G	blocked	not retained for general nomenclature	[OH+]
simpleGroups.xml	ozone	simpleGroup/simpleGroup/G	blocked	not retained for general nomenclature	O=[O+][O-]
simpleGroups.xml	ozonide|ozonid	simpleGroup/simpleGroup/G	blocked	not retained for general nomenclature	OO[O-]
simpleGroups.xml	penicillic|penicillicacid|penicillic acid	simpleGroup/simpleGroup/G	blocked	not retained for general nomenclature	C(=O)(O)C=C(OC)C(=O)C(=C)C
simpleGroups.xml	penicillate|penicillat	simpleGroup/simpleGroup/G	blocked	not retained for general nomenclature	C(=O)([O-])C=C(OC)C(=O)C(=C)C
simpleGroups.xml	pentaerythritol	simpleGroup/simpleGroup/G	allowed	P-63.1.1 retained hydroxy compounds	OCC(CO)(CO)CO
simpleGroups.xml	dipentaerythritol	simpleGroup/simpleGroup/G	blocked	not retained for general nomenclature	OCC(CO)(COCC(CO)(CO)CO)CO
simpleGroups.xml	tripentaerythritol	simpleGroup/simpleGroup/G	blocked	not retained for general nomenclature	OCC(CO)(COCC(CO)(COCC(CO)(CO)CO)CO)CO
simpleGroups.xml	pentaguanide|pentaguanid	simpleGroup/simpleGroup/G	blocked	not retained for general nomenclature	NC(=N)NC(=N)NC(=N)NC(=N)NC(=N)N
simpleGroups.xml	pentauret	simpleGroup/simpleGroup/G	blocked	not retained for general nomenclature	NC(=O)NC(=O)NC(=O)NC(=O)NC(=O)N
simpleGroups.xml	peracetic|peraceticacid|peracetic acid	simpleGroup/simpleGroup/G	allowed	P-65.1.1.2 retained acids (general nomenclature)	C(C)(=O)OO
simpleGroups.xml	peracetate|peracetat	simpleGroup/simpleGroup/G	allowed	P-65.1.1.2 retained acids (general nomenclature)	C(C)(=O)O[O-]
simpleGroups.xml	performic|performicacid|performic acid	simpleGroup/simpleGroup/G	allowed	P-65.1.1.2 retained acids (general nomenclature)	C(=O)OO
simpleGroups.xml	performate	simpleGroup/simpleGroup/G	allowed	P-65.1.1.2 retained acids (general nomenclature)	C(=O)O[O-]
simpleGroups.xml	peroxylium	simpleGroup/simpleGroup/G	blocked	not retained for general nomenclature	O[O+]
simpleGroups.xml	phorone	simpleGroup/simpleGroup/G	blocked	not retained for general nomenclature	CC(C)=CC(C=C(C)C)=O
simpleGroups.xml	phosgene|phosgen	simpleGroup/simpleGroup/G	blocked	not retained for general nomenclature	C(=O)(Cl)Cl
simpleGroups.xml	phosphin	simpleGroup/simpleGroup/G	blocked	not retained for general nomenclature	[PH3]
simpleGroups.xml	phosphoramide|phosphoramid	simpleGroup/simpleGroup/G	blocked	not retained for general nomenclature	P(=O)(N)(N)N
simpleGroups.xml	phosphorus oxybromide|phosphorus(v) oxybromide|phosphorusoxybromide|phosphorous oxybromide|phosphorous(v) oxybromide|phosphorousoxybromide|phosphorus oxybromid|phosphorus(v) oxybromid|phosphorusoxybromid|phosphorous oxybromid|phosphorous(v) oxybromid|phosphorousoxybromid	simpleGroup/simpleGroup/G	blocked	not retained for general nomenclature	P(=O)(Br)(Br)Br
simpleGroups.xml	phosphorus oxychloride|phosphorus(v) oxychloride|phosphorusoxychloride|phosphorous oxychloride|phosphorous(v) oxychloride|phosphorousoxychloride|phosphorus oxychlorid|phosphorus(v) oxychlorid|phosphorusoxychlorid|phosphorous oxychlorid|phosphorous(v) oxychlorid|phosphorousoxychlorid	simpleGroup/simpleGroup/G	blocked	not retained for general nomenclature	P(=O)(Cl)(Cl)Cl
simpleGroups.xml	phosphorus oxyfluoride|phosphorus(v) oxyfluoride|phosphorusoxyfluoride|phosphorous oxyfluoride|phosphorous(v) oxyfluoride|phosphorousoxyfluoride|phosphorus oxyfluorid|phosphorus(v) oxyfluorid|phosphorusoxyfluorid|phosphorous oxyfluorid|phosphorous(v) oxyfluorid|phosphorousoxyfluorid	simpleGroup/simpleGroup/G	blocked	not retained for general nomenclature	P(=O)(F)(F)F
simpleGroups.xml	phosphorus oxyiodide|phosphorus(v) oxyiodide|phosphorusoxyiodide|phosphorous oxyiodide|phosphorous(v) oxyiodide|phosphorousoxyiodide|phosphorus oxyiodid|phosphorus(v) oxyiodid|phosphorusoxyiodid|phosphorous oxyiodid|phosphorous(v) oxyiodid|phosphorousoxyiodid	simpleGroup/simpleGroup/G	blocked	not retained for general nomenclature	P(=O)(I)(I)I
simpleGroups.xml	phosphorus pentasulfide|phosphorus pentasulfid	simpleGroup/simpleGroup/G	blocked	not retained for general nomenclature	P12(=S)SP3(=S)SP(=S)(S1)SP(=S)(S2)S3
simpleGroups.xml	phytol	simpleGroup/simpleGroup/G	blocked	not retained for general nomenclature	CC(C)CCC[C@@H](C)CCC[C@@H](C)CCC/C(C)=C/CO
simpleGroups.xml	pinacol	simpleGroup/simpleGroup/G	allowed	P-63.1.1 retained hydroxy compounds	OC(C)(C)C(C)(C)O
simpleGroups.xml	pinacolone|pinacolon	simpleGroup/simpleGroup/G	blocked	not retained for general nomenclature	CC(C(C)(C)C)=O
simpleGroups.xml	piperylene|piperylen	simpleGroup/simpleGroup/G	blocked	not retained for general nomenclature	C=CC=CC
simpleGroups.xml	pristane|pristan	simpleGroup/simpleGroup/G	blocked	not retained for general nomenclature	CC(C)CCCC(C)CCCC(C)CCCC(C)C
simpleGroups.xml	propione	simpleGroup/simpleGroup/G	blocked	not retained for general nomenclature	CCC(=O)CC
simpleGroups.xml	propionoin|propioin	simpleGroup/simpleGroup/G	blocked	not retained for general nomenclature	CCC(C(O)CC)=O
simpleGroups.xml	propoxide|n-propoxide|propoxid|n-propoxid	simpleGroup/simpleGroup/G	allowed	P-72/P-73 retained ion names	[O-]CCC
simpleGroups.xml	propoxylium	simpleGroup/simpleGroup/G	allowed	P-72/P-73 retained ion names	[O+]CCC
simpleGroups.xml	propylene|propylen	simpleGroup/simpleGroup/G	blocked	not retained for general nomenclature	C=CC
simpleGroups.xml	prussicacid|prussic acid	simpleGroup/simpleGroup/G	blocked	not retained for general nomenclature	C#N
simpleGroups.xml	pseudoselenourea|pseudoselenurea	simpleGroup/simpleGroup/G	blocked	not retained for general nomenclature	NC([SeH])=N
simpleGroups.xml	pseudotellurourea|pseudotellururea	simpleGroup/simpleGroup/G	blocked	not retained for general nomenclature	NC([TeH])=N
simpleGroups.xml	pseudothiourea|pseudothiurea	simpleGroup/simpleGroup/G	blocked	not retained for general nomenclature	NC(S)=N
simpleGroups.xml	pseudourea	simpleGroup/simpleGroup/G	blocked	not retained for general nomenclature	NC(O)=N
simpleGroups.xml	putrescine|putrescin	simpleGroup/simpleGroup/G	blocked	not retained for general nomenclature	NCCCCN
simpleGroups.xml	rhodinol	simpleGroup/simpleGroup/G	blocked	not retained for general nomenclature	C=C(C)CCC[C@H](C)CCO
simpleGroups.xml	rhodinal	simpleGroup/simpleGroup/G	blocked	not retained for general nomenclature	C=C(C)CCC[C@H](C)CC=O
simpleGroups.xml	rubeanic acid	simpleGroup/simpleGroup/G	blocked	not retained for general nomenclature	S=C(N)C(N)=S
simpleGroups.xml	sarin	simpleGroup/simpleGroup/G	blocked	not retained for general nomenclature	CP(OC(C)C)(F)=O
simpleGroups.xml	sec-butoxide|secbutoxide|sec-butoxid|secbutoxid|sec-butylate|secbutylate|sec-butylat|secbutylat	simpleGroup/simpleGroup/G	blocked	not retained for general nomenclature	CC([O-])CC
simpleGroups.xml	selenilimine|selenilimin	simpleGroup/simpleGroup/G	blocked	not retained for general nomenclature	[SeH2]=N
simpleGroups.xml	selenium oxybromide|seleniumoxybromide|selenium oxybromid|seleniumoxybromid	simpleGroup/simpleGroup/G	blocked	not retained for general nomenclature	Br[Se](Br)=O
simpleGroups.xml	selenoximide|selenoximine|selenoximid|selenoximin	simpleGroup/simpleGroup/G	blocked	not retained for general nomenclature	[SeH2](=O)=N
simpleGroups.xml	selenuronium	simpleGroup/simpleGroup/G	blocked	not retained for general nomenclature	[NH2+]=C([Se])N
simpleGroups.xml	semicarbazide|semicarbazid	simpleGroup/simpleGroup/G	allowed	P-68.3 retained nitrogen parent names (semicarbazide)	NNC(=O)N
simpleGroups.xml	semioxamazide|semioxamazid	simpleGroup/simpleGroup/G	blocked	not retained for general nomenclature	NC(C(NN)=O)=O
simpleGroups.xml	soman	simpleGroup/simpleGroup/G	blocked	not retained for general nomenclature	CP(OC(C(C)(C)C)C)(F)=O
simpleGroups.xml	spermidine|spermidin	simpleGroup/simpleGroup/G	blocked	not retained for general nomenclature	NCCCCNCCCN
simpleGroups.xml	spermine|spermin	simpleGroup/simpleGroup/G	blocked	not retained for general nomenclature	NCCCNCCCCNCCCN
simpleGroups.xml	squalane|squalan	simpleGroup/simpleGroup/G	blocked	not retained for general nomenclature	CC(C)CCCC(C)CCCC(C)CCCCC(C)CCCC(C)CCCC(C)C
simpleGroups.xml	squalene|squalen	simpleGroup/simpleGroup/G	blocked	not retained for general nomenclature	CC(C)=CCC\C(C)=C\CC\C(C)=C\CC\C=C(/C)CC\C=C(/C)CCC=C(C)C
simpleGroups.xml	sulfamide|sulfamid	simpleGroup/simpleGroup/G	blocked	not retained for general nomenclature	S(=O)(=O)(N)N
simpleGroups.xml	sulfilimine|sulfimide|sulfilimin|sulfimid	simpleGroup/simpleGroup/G	blocked	not retained for general nomenclature	[SH2]=N
simpleGroups.xml	tabun	simpleGroup/simpleGroup/G	blocked	not retained for general nomenclature	O=P(C#N)(N(C)C)OCC
simpleGroups.xml	tartrate|tartrat	simpleGroup/simpleGroup/G	blocked	not retained for general nomenclature	C(=O)([O-])C(O)C(O)C(=O)[O-]
simpleGroups.xml	d-tartrate|(d)-tartrate|d(-)-tartrate|d-(-)-tartrate|d-tartrat|(d)-tartrat|d(-)-tartrat|d-(-)-tartrat	simpleGroup/simpleGroup/G	blocked	not retained for general nomenclature	C(=O)([O-])[C@@H](O)[C@H](O)C(=O)[O-]
simpleGroups.xml	l-tartrate|(l)-tartrate|l(+)-tartrate|l-(+)-tartrate|l-tartrat|(l)-tartrat|l(+)-tartrat|l-(+)-tartrat	simpleGroup/simpleGroup/G	blocked	not retained for general nomenclature	C(=O)([O-])[C@H](O)[C@@H](O)C(=O)[O-]
simpleGroups.xml	tellurilimine|tellurilimin	simpleGroup/simpleGroup/G	blocked	not retained for general nomenclature	[TeH2]=N
simpleGroups.xml	tellururonium	simpleGroup/simpleGroup/G	blocked	not retained for general nomenclature	[NH2+]=C([Te])N
simpleGroups.xml	telluroximide|telluroximine|telluroximid|telluroximin	simpleGroup/simpleGroup/G	blocked	not retained for general nomenclature	[TeH2](=O)=N
simpleGroups.xml	tertiary-butoxide|tertiarybutoxide|tert-butoxide|tertbutoxide|tert.-butoxide|tert.butoxide|t-butoxide|tbutoxide|tertiary-butoxid|tertiarybutoxid|tert-butoxid|tertbutoxid|tert.-butoxid|tert.butoxid|t-butoxid|tbutoxid|tertiary-butylate|tertiarybutylate|tert-butylate|tertbutylate|tert.-butylate|tert.butylate|t-butylate|tertiary-butylat|tertiarybutylat|tert-butylat|tertbutylat|tert.-butylat|tert.butylat|t-butylat	simpleGroup/simpleGroup/G	blocked	not retained for general nomenclature	CC(C)(C)[O-]
simpleGroups.xml	tertiary-pentoxide|tertiarypentoxide|tert-pentoxide|tertpentoxide|tert.-pentoxide|tert.pentoxide|t-pentoxide|tertiary-pentoxid|tertiarypentoxid|tert-pentoxid|tertpentoxid|tert.-pentoxid|tert.pentoxid|t-pentoxid|tertiary-pentylate|tertiarypentylate|tert-pentylate|tertpentylate|tert.-pentylate|tert.pentylate|t-pentylate|tertiary-pentylat|tertiarypentylat|tert-pentylat|tertpentylat|tert.-pentylat|tert.pentylat|t-pentylat|tertiary-amoxide|tertiaryamoxide|tert-amoxide|tertamoxide|tert.-amoxide|tert.amoxide|t-amoxide|tertiary-amoxid|tertiaryamoxid|tert-amoxid|tertamoxid|tert.-amoxid|tert.amoxid|t-amoxid|tertiary-amylate|tertiaryamylate|tert-amylate|tertamylate|tert.-amylate|tert.amylate|t-amylate|tertiary-amylat|tertiaryamylat|tert-amylat|tertamylat|tert.-amylat|tert.amylat|t-amylat	simpleGroup/simpleGroup/G	blocked	not retained for general nomenclature	CCC(C)(C)[O-]
simpleGroups.xml	tetrabromoaluminate|tetrabromoaluminat	simpleGroup/simpleGroup/G	blocked	not retained for general nomenclature	Br[Al-](Br)(Br)Br
simpleGroups.xml	tetrachloroaluminate|tetrachloroaluminat	simpleGroup/simpleGroup/G	blocked	not retained for general nomenclature	Cl[Al-](Cl)(Cl)Cl
simpleGroups.xml	tetraglyme	simpleGroup/simpleGroup/G	blocked	not retained for general nomenclature	COCCOCCOCCOCCOC
simpleGroups.xml	tetrafluoroaluminate|tetrafluoroaluminat	simpleGroup/simpleGroup/G	blocked	not retained for general nomenclature	F[Al-](F)(F)F
simpleGroups.xml	tetraiodoaluminate|tetraiodoaluminat	simpleGroup/simpleGroup/G	blocked	not retained for general nomenclature	I[Al-](I)(I)I
simpleGroups.xml	tetraguanide|tetraguanid	simpleGroup/simpleGroup/G	blocked	not retained for general nomenclature	NC(=N)NC(=N)NC(=N)NC(=N)N
simpleGroups.xml	tetrauret	simpleGroup/simpleGroup/G	blocked	not retained for general nomenclature	NC(=O)NC(=O)NC(=O)NC(=O)N
simpleGroups.xml	tetrahydroaluminate|tetrahydroaluminat	simpleGroup/simpleGroup/G	blocked	not retained for general nomenclature	[AlH4-]
simpleGroups.xml	tetrahydroborate|tetrahydroborat	simpleGroup/simpleGroup/G	blocked	not retained for general nomenclature	[BH4-]
simpleGroups.xml	tetrahydrogallate|tetrahydrogallat	simpleGroup/simpleGroup/G	blocked	not retained for general nomenclature	[GaH4-]
simpleGroups.xml	thiosinamine|thiosinamin	simpleGroup/simpleGroup/G	blocked	not retained for general nomenclature	S=C(N)NCC=C
simpleGroups.xml	thiuram monosulfide|thiuram monosulfid	simpleGroup/simpleGroup/G	blocked	not retained for general nomenclature	NC(=S)SC(=S)N
simpleGroups.xml	thiuram disulfide|thiuram disulfid	simpleGroup/simpleGroup/G	blocked	not retained for general nomenclature	NC(=S)SSC(=S)N
simpleGroups.xml	thiuronium	simpleGroup/simpleGroup/G	blocked	not retained for general nomenclature	[NH2+]=C(S)N
simpleGroups.xml	triacetin	simpleGroup/simpleGroup/G	blocked	not retained for general nomenclature	CC(OCC(OC(C)=O)COC(C)=O)=O
simpleGroups.xml	triacetamide|triacetamid	simpleGroup/simpleGroup/G	blocked	not retained for general nomenclature	CC(=O)N(C(=O)C)C(=O)C
simpleGroups.xml	tributyrin	simpleGroup/simpleGroup/G	blocked	not retained for general nomenclature	O=C(OCC(COC(CCC)=O)OC(CCC)=O)CCC
simpleGroups.xml	trichlorohydrin	simpleGroup/simpleGroup/G	blocked	not retained for general nomenclature	ClCC(Cl)CCl
simpleGroups.xml	triclofos	simpleGroup/simpleGroup/G	blocked	not retained for general nomenclature	O=P(O)(OCC(Cl)(Cl)Cl)O
simpleGroups.xml	triethanolamine|triethanolamin	simpleGroup/simpleGroup/G	blocked	not retained for general nomenclature	N(CCO)(CCO)CCO
simpleGroups.xml	triflimide|triflimid	simpleGroup/simpleGroup/G	blocked	not retained for general nomenclature	N(S(=O)(=O)C(F)(F)F)S(=O)(=O)C(F)(F)F
simpleGroups.xml	triflimidate|triflimidat	simpleGroup/simpleGroup/G	blocked	not retained for general nomenclature	[N-](S(=O)(=O)C(F)(F)F)S(=O)(=O)C(F)(F)F
simpleGroups.xml	triflimidic acid	simpleGroup/simpleGroup/G	blocked	not retained for general nomenclature	N(S(=O)(=O)C(F)(F)F)S(=O)(=O)C(F)(F)F
simpleGroups.xml	triguanide|triguanid	simpleGroup/simpleGroup/G	blocked	not retained for general nomenclature	NC(=N)NC(=N)NC(=N)N
simpleGroups.xml	triglyme	simpleGroup/simpleGroup/G	blocked	not retained for general nomenclature	COCCOCCOCCOC
simpleGroups.xml	trilaurin	simpleGroup/simpleGroup/G	blocked	not retained for general nomenclature	O=C(OCC(OC(=O)CCCCCCCCCCC)COC(=O)CCCCCCCCCCC)CCCCCCCCCCC
simpleGroups.xml	trimyristin	simpleGroup/simpleGroup/G	blocked	not retained for general nomenclature	CCCCCCCCCCCCCC(OCC(OC(CCCCCCCCCCCCC)=O)COC(CCCCCCCCCCCCC)=O)=O
simpleGroups.xml	triolein	simpleGroup/simpleGroup/G	blocked	not retained for general nomenclature	O=C(CCCCCCC/C=C\CCCCCCCC)OCC(COC(CCCCCCC/C=C\CCCCCCCC)=O)OC(CCCCCCC/C=C\CCCCCCCC)=O
simpleGroups.xml	trioxygen	simpleGroup/simpleGroup/G	blocked	not retained for general nomenclature	O=[O+][O-]
simpleGroups.xml	tripalmitin	simpleGroup/simpleGroup/G	blocked	not retained for general nomenclature	CCCCCCCCCCCCCCCC(OCC(OC(CCCCCCCCCCCCCCC)=O)COC(CCCCCCCCCCCCCCC)=O)=O
simpleGroups.xml	triphosgene|triphosgen	simpleGroup/simpleGroup/G	blocked	not retained for general nomenclature	ClC(Cl)(OC(OC(Cl)(Cl)Cl)=O)Cl
simpleGroups.xml	triptane	simpleGroup/simpleGroup/G	blocked	not retained for general nomenclature	CC(C)(C)C(C)C
simpleGroups.xml	tristearin	simpleGroup/simpleGroup/G	blocked	not retained for general nomenclature	CCCCCCCCCCCCCCCCCC(OCC(OC(CCCCCCCCCCCCCCCCC)=O)COC(CCCCCCCCCCCCCCCCC)=O)=O
simpleGroups.xml	triuret	simpleGroup/simpleGroup/G	blocked	not retained for general nomenclature	NC(=O)NC(=O)NC(=O)N
simpleGroups.xml	trometamol|tromethamine|tromethamin|tromethane|tromethan	simpleGroup/simpleGroup/G	blocked	not retained for general nomenclature	NC(CO)(CO)CO
simpleGroups.xml	tropylium	simpleGroup/simpleGroup/G	blocked	not retained for general nomenclature	[CH+]1cccccc1
simpleGroups.xml	uranyl	simpleGroup/simpleGroup/G	blocked	not retained for general nomenclature	[U+2](=O)=O
simpleGroups.xml	urea	simpleGroup/simpleGroup/G	allowed	P-34.1 retained functional parents	NC(=O)N
simpleGroups.xml	uronium	simpleGroup/simpleGroup/G	allowed	P-73.1.1 onium/ylium parent cations (uronium)	[NH2+]=C(O)N
simpleGroups.xml	vinylene|vinylen	simpleGroup/simpleGroup/G	blocked	not retained for general nomenclature	C#C
simpleGroups.xml	xanthate|xanthat	simpleGroup/simpleGroup/G	blocked	not retained for general nomenclature	OC(=S)[S-]
simpleGroups.xml	xanthic acid|xanthicacid	simpleGroup/simpleGroup/G	blocked	not retained for general nomenclature	OC(=S)S
simpleGroups.xml	ammonia	simpleGroup/simpleGroup/G	allowed	P-21.1.1.2 retained mononuclear hydrides	N
simpleGroups.xml	carbenium	simpleGroup/simpleGroup/G	blocked	not retained for general nomenclature	[CH3+]
simpleGroups.xml	hydrocyanicacid|hydrocyanic acid	simpleGroup/simpleGroup/G	allowed	P-66.5 hydrocyanic acid	C#N
simpleGroups.xml	hydroisocyanicacid|hydroisocyanic acid	simpleGroup/simpleGroup/G	blocked	not retained for general nomenclature	[NH+]#[C-]
simpleGroups.xml	hydrazoicacid|hydrazoic acid	simpleGroup/simpleGroup/G	blocked	not retained for general nomenclature	N=[N+]=[N-]
simpleGroups.xml	bis((trifluoromethyl)sulfonyl)imide|bis(trifluoromethane)sulfonimide|bis(trifluoromethanesulfonyl)imide|bis(trifluoromethylsulfonyl)imide|bistrifluoromethanesulfonimide|bis[(trifluoromethyl)sulfonyl]imide|trifluoromethanesulfonimide|bis((trifluoromethyl)sulfonyl)imid|bis(trifluoromethane)sulfonimid|bis(trifluoromethanesulfonyl)imid|bis(trifluoromethylsulfonyl)imid|bistrifluoromethanesulfonimid|bis[(trifluoromethyl)sulfonyl]imid|trifluoromethanesulfonimid	simpleGroup/simpleGroup/G	blocked	not retained for general nomenclature	[N-](S(=O)(=O)C(F)(F)F)S(=O)(=O)C(F)(F)F
simpleGroups.xml	bis((pentafluoroethyl)sulfonyl)imide|bis((perfluoroethyl)sulfonyl)imide|bis(pentafluoroethanesulfonyl)imide|bis(pentafluoroethylsulfonyl)imide|bis(perfluoroethanesulfonyl)imide|bis(perfluoroethylsulfonyl)imide|bispentafluoroethylsulfonylimide|bisperfluoroethylsulfonylimide|bis[(pentafluoroethyl)sulfonyl]imide|bis[(perfluoroethyl)sulfonyl]imide|bis((pentafluoroethyl)sulfonyl)imid|bis((perfluoroethyl)sulfonyl)imid|bis(pentafluoroethanesulfonyl)imid|bis(pentafluoroethylsulfonyl)imid|bis(perfluoroethanesulfonyl)imid|bis(perfluoroethylsulfonyl)imid|bispentafluoroethylsulfonylimid|bisperfluoroethylsulfonylimid|bis[(pentafluoroethyl)sulfonyl]imid|bis[(perfluoroethyl)sulfonyl]imid	simpleGroup/simpleGroup/G	blocked	not retained for general nomenclature	[N-](S(=O)(=O)C(F)(F)C(F)(F)F)S(=O)(=O)C(F)(F)C(F)(F)F
simpleGroups.xml	tris((trifluoromethyl)sulfonyl)methide|tris(trifluoromethanesulfonyl)methide|tris(trifluoromethylsulfonyl)methide|tris[(trifluoromethyl)sulfonyl]methide|tris((trifluoromethyl)sulfonyl)methid|tris(trifluoromethanesulfonyl)methid|tris(trifluoromethylsulfonyl)methid|tris[(trifluoromethyl)sulfonyl]methid	simpleGroup/simpleGroup/G	blocked	not retained for general nomenclature	[C-](S(=O)(=O)C(F)(F)F)(S(=O)(=O)C(F)(F)F)S(=O)(=O)C(F)(F)F
simpleGroups.xml	tris((pentafluoroethyl)sulfonyl)methide|tris((perfluoroethyl)sulfonyl)methide|tris(pentafluoroethanesulfonyl)methide|tris(pentafluoroethylsulfonyl)methide|tris(perfluoroethanesulfonyl)methide|tris(perfluoroethylsulfonyl)methide|tris[(pentafluoroethyl)sulfonyl]methide|tris[(perfluoroethyl)sulfonyl]methide|tris((pentafluoroethyl)sulfonyl)methid|tris((perfluoroethyl)sulfonyl)methid|tris(pentafluoroethanesulfonyl)methid|tris(pentafluoroethylsulfonyl)methid|tris(perfluoroethanesulfonyl)methid|tris(perfluoroethylsulfonyl)methid|tris[(pentafluoroethyl)sulfonyl]methid|tris[(perfluoroethyl)sulfonyl]methid	simpleGroup/simpleGroup/G	blocked	not retained for general nomenclature	[C-](S(=O)(=O)C(F)(F)C(F)(F)F)(S(=O)(=O)C(F)(F)C(F)(F)F)S(=O)(=O)C(F)(F)C(F)(F)F
simpleGroups.xml	azobisisobutyronitrile|azobis-isobutyronitrile|azobisisobutyronitril|azobis-isobutyronitril	simpleGroup/simpleGroup/G	blocked	not retained for general nomenclature	N(=NC(C#N)(C)C)C(C#N)(C)C
simpleGroups.xml	diphenylethylenediamine|diphenylethylenediamin	simpleGroup/simpleGroup/G	blocked	not retained for general nomenclature	C(N)(c1ccccc1)C(N)c1ccccc1
simpleGroups.xml	dicyclohexylurea	simpleGroup/simpleGroup/G	blocked	not retained for general nomenclature	C(=O)(NC1CCCCC1)NC1CCCCC1
simpleGroups.xml	diepoxybutane|diepoxybutan	simpleGroup/simpleGroup/G	blocked	not retained for general nomenclature	C(O1)C1C(O2)C2
simpleGroups.xml	dimethylurea	simpleGroup/simpleGroup/G	blocked	not retained for general nomenclature	C(=O)(NC)NC
simpleGroups.xml	dimethoxyethane|dimethoxyethan	simpleGroup/simpleGroup/G	blocked	not retained for general nomenclature	C(OC)C(OC)
simpleGroups.xml	dimethylacetamide|dimethyl-acetamide|dimethylacetamid|dimethyl-acetamid	simpleGroup/simpleGroup/G	blocked	not retained for general nomenclature	CC(=O)N(C)(C)
simpleGroups.xml	carbonyldiimidazole|carbonyldiimidazol	simpleGroup/simpleGroup/G	blocked	not retained for general nomenclature	C(=O)(n1cncc1)n1cncc1
simpleGroups.xml	formamide|formamid	simpleGroup/simpleGroup/G	allowed	P-66 retained amide/amidine names (formamide)	C(=O)N
simpleGroups.xml	mercaptopurine|mercaptopurin	simpleGroup/simpleGroup/G	blocked	not retained for general nomenclature	n1c[nH]c2nc[nH]c2c1=S
simpleGroups.xml	methanamide|methanamid	simpleGroup/simpleGroup/G	allowed	systematic	C(=O)N
simpleGroups.xml	phytantriol	simpleGroup/simpleGroup/G	blocked	not retained for general nomenclature	CC(C)CCCC(C)CCCC(C)CCCC(C)(O)C(O)CO
simpleGroups.xml	trifluorothymidine|trifluorothymidin	simpleGroup/simpleGroup/G	blocked	not retained for general nomenclature	[C@@H]1(C[C@H](O)[C@@H](CO)O1)n2c(=O)[nH]c(=O)c(C(F)(F)F)c2
simpleGroups.xml	trinitrotoluene	simpleGroup/simpleGroup/G	blocked	not retained for general nomenclature	Cc1c([N+](=O)[O-])cc([N+](=O)[O-])cc1[N+](=O)[O-]
simpleGroups.xml	glyoxalylamide|glyoxalylamid	simpleGroup/simpleGroup/G	blocked	not retained for general nomenclature	C(=O)C(=O)N
simpleGroups.xml	carbanolate|carbanolat	simpleGroup/simpleGroup/G	blocked	not retained for general nomenclature	Clc1cc(c(cc1OC(=O)NC)C)C
simpleGroups.xml	chlorazine	simpleGroup/simpleGroup/G	blocked	not retained for general nomenclature	Clc1nc(nc(n1)N(CC)CC)N(CC)CC
simpleGroups.xml	chlorazin	simpleGroup/simpleGroup/G	blocked	not retained for general nomenclature	Clc2cc1N(c3c(Sc1cc2)cccc3)CCCN(C)C
simpleGroups.xml	chlorobenzilate|chlorobenzilat	simpleGroup/simpleGroup/G	blocked	not retained for general nomenclature	Clc1ccc(cc1)C(O)(c2ccc(Cl)cc2)C(=O)OCC
simpleGroups.xml	benzocyclobutene|benzocyclobuten	simpleGroup/simpleGroup/G	blocked	not retained for general nomenclature	C1Cc2c1cccc2
simpleGroups.xml	diazinon|diazinone	simpleGroup/simpleGroup/G	blocked	not retained for general nomenclature	S=P(OCC)(OCC)Oc1nc(nc(c1)C)C(C)C
simpleGroups.xml	diazolidinylurea|diazolidinyl urea	simpleGroup/simpleGroup/G	blocked	not retained for general nomenclature	OCN1C(NC(C1(CO)N(C(=O)NCO)CO)=O)=O
simpleGroups.xml	dichlorodiphenyltrichloroethane|dichlorodiphenyltrichloroethan	simpleGroup/simpleGroup/G	blocked	not retained for general nomenclature	ClC(C(C1=CC=C(C=C1)Cl)C1=CC=C(C=C1)Cl)(Cl)Cl
simpleGroups.xml	difluoroheptylazidosulfinate|difluoroheptylazidosulfinat	simpleGroup/simpleGroup/G	blocked	not retained for general nomenclature	C(CCCN=[N+]=[N-])CCC(F)(F)S(=O)[O-]
simpleGroups.xml	dimethylol ethylene urea	simpleGroup/simpleGroup/G	blocked	not retained for general nomenclature	O=C1N(CO)CCN1CO
simpleGroups.xml	dithianone|dithianon	simpleGroup/simpleGroup/G	blocked	not retained for general nomenclature	C1=CC=C2C(=C1)C(=O)C3=C(C2=O)SC(=C(S3)C#N)C#N
simpleGroups.xml	dihydromethanophenazine|dihydromethanophenazin	simpleGroup/simpleGroup/G	blocked	not retained for general nomenclature	CC(CCOc1ccc2Nc3ccccc3Nc2c1)CC\C=C(/C)CC\C=C(/C)CC\C=C(/C)CCC=C(C)C
simpleGroups.xml	iodamide	simpleGroup/simpleGroup/G	blocked	not retained for general nomenclature	O=C(O)c1c(I)c(CNC(=O)C)c(I)c(NC(=O)C)c1I
simpleGroups.xml	imidazolidinylurea|imidazolidinyl urea	simpleGroup/simpleGroup/G	blocked	not retained for general nomenclature	OCC1(NC(=O)NCNC(=O)NC2(CO)NC(=O)NC2=O)NC(=O)NC1=O
simpleGroups.xml	methanophenazine|methanophenazin	simpleGroup/simpleGroup/G	blocked	not retained for general nomenclature	CC(CCOc1ccc2nc3ccccc3nc2c1)CC\C=C(/C)CC\C=C(/C)CC\C=C(/C)CCC=C(C)C
simpleGroups.xml	methoxychlor	simpleGroup/simpleGroup/G	blocked	not retained for general nomenclature	COc1ccc(C(c2ccc(OC)cc2)C(Cl)(Cl)Cl)cc1
simpleGroups.xml	methylazoxymethanol acetate|methylazoxymethanol acetat	simpleGroup/simpleGroup/G	blocked	not retained for general nomenclature	CC(=O)OC/N=[N+](/C)\[O-]
simpleGroups.xml	methyldibromo glutaronitrile|methyldibromoglutaronitrile|methyldibromo glutaronitril|methyldibromoglutaronitril	simpleGroup/simpleGroup/G	blocked	not retained for general nomenclature	C(CC(CBr)(C#N)Br)C#N
simpleGroups.xml	oxolinic acid	simpleGroup/simpleGroup/G	blocked	not retained for general nomenclature	CCn1cc(c(=O)c2c1cc3c(c2)OCO3)C(=O)O
simpleGroups.xml	oxolinate|oxolinat	simpleGroup/simpleGroup/G	blocked	not retained for general nomenclature	CCn1cc(c(=O)c2c1cc3c(c2)OCO3)C(=O)[O-]
simpleGroups.xml	oxybenzone|oxybenzon	simpleGroup/simpleGroup/G	blocked	not retained for general nomenclature	O=C(c1ccc(OC)cc1O)c2ccccc2
simpleGroups.xml	pentazocine|pentazocin	simpleGroup/simpleGroup/G	blocked	not retained for general nomenclature	OC1=CC(C2(C)C(C)C(C3)N(C/C=C(C)\C)CC2)=C3C=C1
simpleGroups.xml	pyridate|pyridat	simpleGroup/simpleGroup/G	blocked	not retained for general nomenclature	O=C(SCCCCCCCC)Oc2cc(Cl)nnc2c1ccccc1
simpleGroups.xml	pyrroloquinoline quinone|pyrroloquinoline quinon	simpleGroup/simpleGroup/G	blocked	not retained for general nomenclature	OC(=O)c1cc(C(O)=O)c-2c(n1)C(=O)C(=O)c1cc([nH]c-21)C(O)=O
simpleGroups.xml	sulfosalicylic acid	simpleGroup/simpleGroup/G	blocked	not retained for general nomenclature	OC(=O)c1c(O)ccc(S(=O)(=O)O)c1
simpleGroups.xml	stibogluconate|stibogluconat	simpleGroup/simpleGroup/G	blocked	not retained for general nomenclature	O.O.O.O.O.O.O.O.O.[C@@H]1(O[Sb]2(O)(O[C@@H](C([O-])=O)[C@H]1O2)O[Sb]12([O-])O[C@@H](C([O-])=O)[C@@H](O1)[C@H](O2)[C@H](O)CO)[C@H](O)CO
simpleGroups.xml	tetrabromogallate|tetrabromogallat	simpleGroup/simpleGroup/G	blocked	not retained for general nomenclature	Br[Ga-](Br)(Br)Br
simpleGroups.xml	tetrachlorogallate|tetrachlorogallat	simpleGroup/simpleGroup/G	blocked	not retained for general nomenclature	Cl[Ga-](Cl)(Cl)Cl
simpleGroups.xml	tetrafluorogallate|tetrafluorogallat	simpleGroup/simpleGroup/G	blocked	not retained for general nomenclature	F[Ga-](F)(F)F
simpleGroups.xml	tetraiodogallate|tetraiodogallat	simpleGroup/simpleGroup/G	blocked	not retained for general nomenclature	I[Ga-](I)(I)I
simpleGroups.xml	toluene-diisocyanate|toluene diisocyanate|toluene-diisocyanat|toluene diisocyanat	simpleGroup/simpleGroup/G	blocked	not retained for general nomenclature	Cc1c(N=C=O)cc(N=C=O)cc1
simpleGroups.xml	biotin|biotine|d-biotin|d-biotine	simpleGroup/biochemical/G	blocked	not retained for general nomenclature	OC(=O)CCCC[C@@H]1SC[C@@H]2NC(=O)N[C@H]12
simpleGroups.xml	biotin sulfone|biotine sulfone|d-biotin sulfone|d-biotine sulfone|biotin sulfon|d-biotin sulfon	simpleGroup/biochemical/G	blocked	not retained for general nomenclature	OC(=O)CCCC[C@@H]1S(=O)(=O)C[C@@H]2NC(=O)N[C@H]12
simpleGroups.xml	biotin sulfoxide|biotine sulfoxide|d-biotin sulfoxide|d-biotine sulfoxide|biotin sulfoxid|d-biotin sulfoxid	simpleGroup/biochemical/G	blocked	not retained for general nomenclature	OC(=O)CCCC[C@@H]1S(=O)C[C@@H]2NC(=O)N[C@H]12
simpleGroups.xml	choline|cholin	simpleGroup/biochemical/G	blocked	not retained for general nomenclature	OCC[N+](C)(C)C
simpleGroups.xml	chlorocholine|chlorocholin	simpleGroup/biochemical/G	blocked	not retained for general nomenclature	ClCC[N+](C)(C)C
simpleGroups.xml	eicosasphinganine|eicosasphinganin	simpleGroup/biochemical/G	blocked	not retained for general nomenclature	OC[C@H](N)[C@H](O)CCCCCCCCCCCCCCCCC
simpleGroups.xml	ethanolamine|ethanolamin	simpleGroup/biochemical/G	blocked	not retained for general nomenclature	C(O)CN
simpleGroups.xml	fluorocholine|fluorocholin	simpleGroup/biochemical/G	blocked	not retained for general nomenclature	OCC[N+](C)(C)CF
simpleGroups.xml	fluorouracil	simpleGroup/biochemical/G	blocked	not retained for general nomenclature	[nH]1c(=O)Nc(=O)c(F)c1
simpleGroups.xml	propylthiouracil	simpleGroup/biochemical/G	blocked	not retained for general nomenclature	[nH]1c(=S)Nc(=O)cc1CCC
simpleGroups.xml	glycerone|glyceron	simpleGroup/biochemical/G	blocked	not retained for general nomenclature	C(O)C(=O)CO
simpleGroups.xml	glycocyamine|glycocyamin	simpleGroup/biochemical/G	blocked	not retained for general nomenclature	O=C(O)CNC(N)=N
simpleGroups.xml	guanidinium	simpleGroup/biochemical/G	blocked	not retained for general nomenclature	NC(=[NH2+])N
simpleGroups.xml	icosasphinganine|icosasphinganin	simpleGroup/biochemical/G	blocked	not retained for general nomenclature	OC[C@H](N)[C@H](O)CCCCCCCCCCCCCCCCC
simpleGroups.xml	leucinic acid|dl-leucinic acid	simpleGroup/biochemical/G	blocked	not retained for general nomenclature	OC(=O)C(O)CC(C)C
simpleGroups.xml	d-leucinic acid	simpleGroup/biochemical/G	blocked	not retained for general nomenclature	OC(=O)[C@H](O)CC(C)C
simpleGroups.xml	l-leucinic acid	simpleGroup/biochemical/G	blocked	not retained for general nomenclature	OC(=O)[C@@H](O)CC(C)C
simpleGroups.xml	phytosphingosine|phytosphingosin	simpleGroup/biochemical/G	blocked	not retained for general nomenclature	OC[C@H](N)[C@H](O)[C@H](O)CCCCCCCCCCCCCC
simpleGroups.xml	sphinganine|sphinganin	simpleGroup/biochemical/G	blocked	not retained for general nomenclature	OC[C@H](N)[C@H](O)CCCCCCCCCCCCCCC
simpleGroups.xml	sphingosine|sphingosin	simpleGroup/biochemical/G	blocked	not retained for general nomenclature	OC[C@H](N)[C@H](O)/C=C/CCCCCCCCCCCCC
simpleGroups.xml	triethylcholine|triethylcholin	simpleGroup/biochemical/G	blocked	not retained for general nomenclature	OCC[N+](CC)(CC)CC
simpleGroups.xml	vitamin c	simpleGroup/biochemical/G	blocked	not retained for general nomenclature	OC([C@H](O1)[C@H](CO)O)=C(O)C1=O
simpleGroups.xml	coenzyme a|coa	simpleGroup/biochemical/G	blocked	not retained for general nomenclature	[C@@H]1([C@H](O)[C@H](OP(=O)(O)O)[C@@H](COP(=O)(O)OP(=O)(O)OCC(C)(C)[C@@H](O)C(=O)NCCC(=O)NCCS)O1)n2cnc3c(N)ncnc23
simpleGroups.xml	acetylide|acetylid	simpleGroup/simpleGroup/Ø	allowed	systematic suffix or class term, not a compound name	C#[C-]
simpleGroups.xml	amine|amin	simpleGroup/simpleGroup/Ø	allowed	systematic suffix or class term, not a compound name	N
simpleGroups.xml	aminium	simpleGroup/simpleGroup/Ø	allowed	systematic suffix or class term, not a compound name	[NH4+]
simpleGroups.xml	aminide|aminid	simpleGroup/simpleGroup/Ø	allowed	systematic suffix or class term, not a compound name	[NH2-]
simpleGroups.xml	barbiturate|barbiturat	simpleGroup/simpleGroup/Ø	blocked	not retained for general nomenclature	N1C(=O)NC(=O)CC(=O)1
simpleGroups.xml	boronic pinacol ester|boronic acid pinacol ester|boronicacid pinacol ester|boronicacidpinacol ester|boronicacid pinacolester|boronicacidpinacolester|boronic acidpinacol ester|boronic acidpinacolester|boronic acid pinacolester	simpleGroup/simpleGroup/Ø	blocked	not retained for general nomenclature	B(OC(C)(C)C1(C)(C))O1
simpleGroups.xml	carboxamide|carboxamid	simpleGroup/simpleGroup/Ø	allowed	systematic suffix or class term, not a compound name	C(=O)N
simpleGroups.xml	carboxylate|carboxylat	simpleGroup/simpleGroup/Ø	allowed	systematic suffix or class term, not a compound name	C(=O)[O-]
simpleGroups.xml	carboxylic|carboxylicacid|carboxylic acid	simpleGroup/simpleGroup/Ø	allowed	systematic suffix or class term, not a compound name	C(=O)O
simpleGroups.xml	diazonium	simpleGroup/simpleGroup/Ø	allowed	systematic suffix or class term, not a compound name	[NH+]#N
simpleGroups.xml	nitrone	simpleGroup/simpleGroup/Ø	allowed	systematic suffix or class term, not a compound name	C=[NH+][O-]
simpleGroups.xml	paraben	simpleGroup/simpleGroup/Ø	blocked	not retained for general nomenclature	OC(=O)c1ccc(O)cc1
simpleGroups.xml	perselenurane|perselenuran	simpleGroup/simpleGroup/Ø	allowed	systematic suffix or class term, not a compound name	[SeH6]
simpleGroups.xml	persulfurane|persulfuran	simpleGroup/simpleGroup/Ø	allowed	systematic suffix or class term, not a compound name	[SH6]
simpleGroups.xml	selenurane|selenuran	simpleGroup/simpleGroup/Ø	allowed	systematic suffix or class term, not a compound name	[SeH4]
simpleGroups.xml	sulfoximide|sulfoximine|sulfoximid|sulfoximin	simpleGroup/simpleGroup/Ø	allowed	systematic suffix or class term, not a compound name	[SH2](=O)=N
simpleGroups.xml	sulfoxonium	simpleGroup/simpleGroup/Ø	allowed	systematic suffix or class term, not a compound name	[SH3+]=O
simpleGroups.xml	sulfurane|sulfuran	simpleGroup/simpleGroup/Ø	allowed	systematic suffix or class term, not a compound name	[SH4]
simpleCyclicGroups.xml	3-pyrazolone|3-pyrazolon	ring/simpleGroup/¾	blocked	not retained for general nomenclature	N1NC(=O)C=C1
simpleCyclicGroups.xml	4-pyrazolone|4-pyrazolon	ring/simpleGroup/¾	blocked	not retained for general nomenclature	N1N=CC(=O)C1
simpleCyclicGroups.xml	5-pyrazolone|5-pyrazolon	ring/simpleGroup/¾	blocked	not retained for general nomenclature	N1N=CCC1=O
simpleCyclicGroups.xml	alpha-asarone|alpha-asaron	ring/simpleGroup/¾	blocked	not retained for general nomenclature	C/C=C/C1=C(OC)C=C(OC)C(OC)=C1
simpleCyclicGroups.xml	beta-asarone|beta-asaron	ring/simpleGroup/¾	blocked	not retained for general nomenclature	C/C=C\C1=C(OC)C=C(OC)C(OC)=C1
simpleCyclicGroups.xml	alpha-furil|2,2'-furil	ring/simpleGroup/¾	blocked	not retained for general nomenclature	o1cccc1C(=O)C(=O)c2ccco2
simpleCyclicGroups.xml	2,2'-furoin	ring/simpleGroup/¾	blocked	not retained for general nomenclature	o1cccc1C(=O)C(O)c2ccco2
simpleCyclicGroups.xml	abietamide|abietamid	ring/simpleGroup/¾	blocked	not retained for general nomenclature	C[C@@]1([C@H]2[C@@](CCC1)(C)[C@H]3CCC(C(C)C)=CC3=CC2)C(=O)N
simpleCyclicGroups.xml	acetovanillone|acetovanillon	ring/simpleGroup/¾	blocked	not retained for general nomenclature	CC(=O)c1cc(OC)c(O)cc1
simpleCyclicGroups.xml	anise alcohol	ring/simpleGroup/¾	blocked	not retained for general nomenclature	OCc1ccc(OC)cc1
simpleCyclicGroups.xml	anisil|p-anisil	ring/simpleGroup/¾	blocked	not retained for general nomenclature	c1(ccc(OC)cc1)C(=O)C(=O)c2ccc(OC)cc2
simpleCyclicGroups.xml	anisoin|p-anisoin	ring/simpleGroup/¾	blocked	not retained for general nomenclature	c1(ccc(OC)cc1)C(=O)C(O)c2ccc(OC)cc2
simpleCyclicGroups.xml	anthra-1,2-quinone|anthra-1,2-quinon	ring/simpleGroup/¾	allowed	P-64.2.1 retained ketone names	c1(=O)c(=O)ccc2cc3ccccc3cc12
simpleCyclicGroups.xml	anthra-1,4-quinone|anthra-1,4-quinon	ring/simpleGroup/¾	allowed	P-64.2.1 retained ketone names	c1(=O)ccc(=O)c2cc3ccccc3cc12
simpleCyclicGroups.xml	anthra-9,10-quinone|anthra-9,10-quinon	ring/simpleGroup/¾	allowed	P-64.2.1 retained ketone names	c1cccc2c(=O)c3ccccc3c(=O)c12
simpleCyclicGroups.xml	anthranil	ring/simpleGroup/¾	blocked	not retained for general nomenclature	n1occ2ccccc12
simpleCyclicGroups.xml	apocynin	ring/simpleGroup/¾	blocked	not retained for general nomenclature	CC(=O)c1cc(OC)c(O)cc1
simpleCyclicGroups.xml	barbituric|barbituricacid|barbituric acid	ring/simpleGroup/¾	blocked	not retained for general nomenclature	N1C(=O)NC(=O)CC(=O)1
simpleCyclicGroups.xml	benzil	ring/simpleGroup/¾	blocked	not retained for general nomenclature	c1(ccccc1)C(=O)C(=O)c2ccccc2
simpleCyclicGroups.xml	benzo-1,2-quinone|benzo-1,2-quinon	ring/simpleGroup/¾	blocked	not retained for general nomenclature	c1(=O)c(=O)cccc1
simpleCyclicGroups.xml	benzo-1,4-quinone|benzo-1,4-quinon	ring/simpleGroup/¾	allowed	P-64.2.1 retained ketone names (1,4-benzoquinone)	c1(=O)ccc(=O)cc1
simpleCyclicGroups.xml	benzol	ring/simpleGroup/¾	blocked	not retained for general nomenclature	c1ccccc1
simpleCyclicGroups.xml	benzopinacol	ring/simpleGroup/¾	blocked	not retained for general nomenclature	c1(ccccc1)C(O)(c2ccccc2)C(O)(c3ccccc3)c4ccccc4
simpleCyclicGroups.xml	benzopinacolone|benzopinacolon	ring/simpleGroup/¾	blocked	not retained for general nomenclature	c1(ccccc1)C(c2ccccc2)(c3ccccc3)C(=O)c4ccccc4
simpleCyclicGroups.xml	benzosemiquinone|benzosemiquinon	ring/simpleGroup/¾	blocked	not retained for general nomenclature	c1ccccc1
simpleCyclicGroups.xml	bisphenol a|bisphenol-a	ring/simpleGroup/¾	blocked	not retained for general nomenclature	Oc1ccc(cc1)C(C)(C)c2ccc(cc2)O
simpleCyclicGroups.xml	bourbonal	ring/simpleGroup/¾	blocked	not retained for general nomenclature	O=Cc1cc(OCC)c(O)cc1
simpleCyclicGroups.xml	carvacrol	ring/simpleGroup/¾	allowed	P-63.1.1 retained hydroxy compounds	c1c(O)c(C)ccc1C(C)C
simpleCyclicGroups.xml	catecholate|catecholat	ring/simpleGroup/¾	blocked	not retained for general nomenclature	c1([O-])c([O-])cccc1
simpleCyclicGroups.xml	chavicol	ring/simpleGroup/¾	blocked	not retained for general nomenclature	c1(ccc(CC=C)cc1)O
simpleCyclicGroups.xml	coniferol	ring/simpleGroup/¾	blocked	not retained for general nomenclature	OC/C=C/c1cc(OC)c(O)cc1
simpleCyclicGroups.xml	creosol	ring/simpleGroup/¾	blocked	not retained for general nomenclature	c1(c(OC)cc(C)cc1)O
simpleCyclicGroups.xml	cumaldehyde|cumaldehyd	ring/simpleGroup/¾	blocked	not retained for general nomenclature	O=Cc1ccc(C(C)C)cc1
simpleCyclicGroups.xml	cuminic acid|cuminicacid|cumic acid|cumicacid	ring/simpleGroup/¾	blocked	not retained for general nomenclature	OC(=O)c1ccc(C(C)C)cc1
simpleCyclicGroups.xml	cuminal|cuminaldehyde|cuminaldehyd	ring/simpleGroup/¾	blocked	not retained for general nomenclature	O=Cc1ccc(C(C)C)cc1
simpleCyclicGroups.xml	cuminol	ring/simpleGroup/¾	blocked	not retained for general nomenclature	OCc1ccc(C(C)C)cc1
simpleCyclicGroups.xml	curcumin	ring/simpleGroup/¾	blocked	not retained for general nomenclature	COc1cc(ccc1O)\C=C\C(=O)CC(=O)\C=C\c1ccc(O)c(OC)c1
simpleCyclicGroups.xml	cyanuramide|cyanurotriamide|cyanurotriamine|cyanuramid|cyanurotriamid|cyanurotriamin	ring/simpleGroup/¾	blocked	not retained for general nomenclature	n1c(N)nc(N)nc1N
simpleCyclicGroups.xml	cyanuric bromide|cyanuryl bromide|cyanuric bromid|cyanuryl bromid	ring/simpleGroup/¾	blocked	not retained for general nomenclature	n1c(Br)nc(Br)nc1Br
simpleCyclicGroups.xml	cyanuric chloride|cyanuryl chloride|cyanuric chlorid|cyanuryl chlorid	ring/simpleGroup/¾	blocked	not retained for general nomenclature	n1c(Cl)nc(Cl)nc1Cl
simpleCyclicGroups.xml	cyanuric fluoride|cyanuryl fluoride|cyanuric fluorid|cyanuryl fluorid	ring/simpleGroup/¾	blocked	not retained for general nomenclature	n1c(F)nc(F)nc1F
simpleCyclicGroups.xml	cyanuric iodide|cyanuryl iodide|cyanuric iodid|cyanuryl iodid	ring/simpleGroup/¾	blocked	not retained for general nomenclature	n1c(I)nc(I)nc1I
simpleCyclicGroups.xml	cyclopentadienide|cyclopentadienid	ring/simpleGroup/¾	blocked	not retained for general nomenclature	[CH-]1C=CC=C1
simpleCyclicGroups.xml	cyclopentadienylium	ring/simpleGroup/¾	blocked	not retained for general nomenclature	[CH+]1C=CC=C1
simpleCyclicGroups.xml	cyclotetraphosphazene|cyclotetraphosphazen	ring/simpleGroup/¾	blocked	not retained for general nomenclature	N1=PN=PN=PN=P1
simpleCyclicGroups.xml	cyclotriphosphazene|cyclotriphosphazen	ring/simpleGroup/¾	blocked	not retained for general nomenclature	N1=PN=PN=P1
simpleCyclicGroups.xml	dibenzamide|dibenzamid	ring/simpleGroup/¾	blocked	not retained for general nomenclature	c1ccccc1C(=O)NC(=O)c2ccccc2
simpleCyclicGroups.xml	diphenate	ring/simpleGroup/¾	blocked	not retained for general nomenclature	c1(c(C(=O)[O-])cccc1)c2c(C(=O)[O-])cccc2
simpleCyclicGroups.xml	diphenic|diphenicacid|diphenic acid	ring/simpleGroup/¾	blocked	not retained for general nomenclature	c1(c(C(=O)O)cccc1)c2c(C(=O)O)cccc2
simpleCyclicGroups.xml	durohydroquinone|durohydroquinon	ring/simpleGroup/¾	blocked	not retained for general nomenclature	c1(c(C)c(C)c(O)c(C)c1C)O
simpleCyclicGroups.xml	dypnone	ring/simpleGroup/¾	blocked	not retained for general nomenclature	CC(c1ccccc1)=CC(c2ccccc2)=O
simpleCyclicGroups.xml	elemicin	ring/simpleGroup/¾	blocked	not retained for general nomenclature	COc1c(OC)c(OC)cc(CC=C)c1
simpleCyclicGroups.xml	estragole|estragol	ring/simpleGroup/¾	blocked	not retained for general nomenclature	c1(ccc(CC=C)cc1)OC
simpleCyclicGroups.xml	ethyl vanillin|ethylvanillin	ring/simpleGroup/¾	blocked	not retained for general nomenclature	O=Cc1cc(OCC)c(O)cc1
simpleCyclicGroups.xml	homoisovanillin	ring/simpleGroup/¾	blocked	not retained for general nomenclature	O=CCc1cc(O)c(OC)cc1
simpleCyclicGroups.xml	homovanillin	ring/simpleGroup/¾	blocked	not retained for general nomenclature	O=CCc1cc(OC)c(O)cc1
simpleCyclicGroups.xml	o-homovanillin	ring/simpleGroup/¾	blocked	not retained for general nomenclature	O=CCc1c(O)c(OC)ccc1
simpleCyclicGroups.xml	imidazolate|imidazolat	ring/simpleGroup/¾	blocked	not retained for general nomenclature	[n-]1cncc1
simpleCyclicGroups.xml	isatic|isaticacid|isatic acid	ring/simpleGroup/¾	blocked	not retained for general nomenclature	c1(c(N)cccc1)C(=O)C(=O)O
simpleCyclicGroups.xml	isatoic|isatoicacid|isatoic acid	ring/simpleGroup/¾	blocked	not retained for general nomenclature	c1(C(=O)O)c(NC(=O)O)cccc1
simpleCyclicGroups.xml	isoelemicin	ring/simpleGroup/¾	blocked	not retained for general nomenclature	COc1c(OC)c(OC)cc(C=CC)c1
simpleCyclicGroups.xml	isoeugenol	ring/simpleGroup/¾	blocked	not retained for general nomenclature	c1(c(O)ccc(C=CC)c1)OC
simpleCyclicGroups.xml	isophthalyl alcohol	ring/simpleGroup/¾	blocked	not retained for general nomenclature	OCc1cc(CO)ccc1
simpleCyclicGroups.xml	isovanillin	ring/simpleGroup/¾	blocked	not retained for general nomenclature	O=Cc1cc(O)c(OC)cc1
simpleCyclicGroups.xml	lutidine|lutidin	ring/simpleGroup/¾	blocked	not retained for general nomenclature	n1ccccc1
simpleCyclicGroups.xml	melamine|melamin	ring/simpleGroup/¾	blocked	not retained for general nomenclature	n1c(N)nc(N)nc1N
simpleCyclicGroups.xml	quinol	ring/simpleGroup/¾	blocked	not retained for general nomenclature	c1(O)ccc(O)cc1
simpleCyclicGroups.xml	mesitylenate|mesitylenat	ring/simpleGroup/¾	blocked	not retained for general nomenclature	c12cc3cc4c1.C2(=O)[O-].C3.C4
simpleCyclicGroups.xml	mesitylenic|mesitylenic acid|mesitylenicacid	ring/simpleGroup/¾	blocked	not retained for general nomenclature	c12cc3cc4c1.C2(=O)O.C3.C4
simpleCyclicGroups.xml	naphtho-1,2-quinone|naphtho-1,2-quinon	ring/simpleGroup/¾	allowed	P-64.2.1 retained ketone names	c1(=O)c(=O)ccc2ccccc12
simpleCyclicGroups.xml	naphtho-1,4-quinone|naphtho-1,4-quinon	ring/simpleGroup/¾	allowed	P-64.2.1 retained ketone names	c1(=O)ccc(=O)c2ccccc12
simpleCyclicGroups.xml	nicotine|nicotin	ring/simpleGroup/¾	blocked	not retained for general nomenclature	n1cc(C2N(C)CCC2)ccc1
simpleCyclicGroups.xml	olivetol	ring/simpleGroup/¾	blocked	not retained for general nomenclature	c1(cc(O)cc(CCCCC)c1)O
simpleCyclicGroups.xml	orcinol	ring/simpleGroup/¾	blocked	not retained for general nomenclature	c1(cc(O)cc(C)c1)O
simpleCyclicGroups.xml	perbenzoate|perbenzoat	ring/simpleGroup/¾	allowed	P-65.1.1.2 retained acids (general nomenclature)	c1ccccc1C(=O)O[O-]
simpleCyclicGroups.xml	perbenzoic|perbenzoicacid|perbenzoic acid	ring/simpleGroup/¾	allowed	P-65.1.1.2 retained acids (general nomenclature)	c1ccccc1C(=O)OO
simpleCyclicGroups.xml	phthalhydrazide|phthalhydrazid	ring/simpleGroup/¾	blocked	not retained for general nomenclature	c1(C(=O)N2)c(C(=O)N2)cccc1
simpleCyclicGroups.xml	phthalyl alcohol	ring/simpleGroup/¾	blocked	not retained for general nomenclature	OCc1c(CO)cccc1
simpleCyclicGroups.xml	phenol	ring/simpleGroup/¾	allowed	P-34.1 retained functional parents	c1(ccccc1)O
simpleCyclicGroups.xml	phenolate|phenolat	ring/simpleGroup/¾	allowed	P-72/P-73 retained ion names (phenolate)	c1(ccccc1)[O-]
simpleCyclicGroups.xml	phenylium	ring/simpleGroup/¾	blocked	not retained for general nomenclature	[c+]1(ccccc1)
simpleCyclicGroups.xml	phloretin	ring/simpleGroup/¾	blocked	not retained for general nomenclature	Oc1ccc(CCC(=O)c2c(O)cc(O)cc2O)cc1
simpleCyclicGroups.xml	phlorol	ring/simpleGroup/¾	blocked	not retained for general nomenclature	c1(c(CC)cccc1)O
simpleCyclicGroups.xml	picrate|picrat	ring/simpleGroup/¾	blocked	not retained for general nomenclature	c1([N+](=O)[O-])cc([N+](=O)[O-])cc([N+](=O)[O-])c1[O-]
simpleCyclicGroups.xml	picric|picricacid|picric acid	ring/simpleGroup/¾	allowed	P-63.1.1 retained hydroxy compounds	c1([N+](=O)[O-])cc([N+](=O)[O-])cc([N+](=O)[O-])c1O
simpleCyclicGroups.xml	pseudocumohydroquinone|pseudocumohydroquinon	ring/simpleGroup/¾	blocked	not retained for general nomenclature	c1(c(C)c(C)c(O)c(C)c1)O
simpleCyclicGroups.xml	pterin	ring/simpleGroup/¾	blocked	not retained for general nomenclature	n1c(N)[nH]c(=O)c2nccnc12
simpleCyclicGroups.xml	dihydropterin	ring/simpleGroup/¾	blocked	not retained for general nomenclature	n1c(N)[nH]c(=O)c2ncCNc12
simpleCyclicGroups.xml	tetrahydropterin	ring/simpleGroup/¾	blocked	not retained for general nomenclature	n1c(N)[nH]c(=O)c2NCCNc12
simpleCyclicGroups.xml	pyrocatecholate|pyrocatecholat	ring/simpleGroup/¾	blocked	not retained for general nomenclature	c1([O-])c([O-])cccc1
simpleCyclicGroups.xml	quinolinic|quinolinicacid|quinolinic acid	ring/simpleGroup/¾	blocked	not retained for general nomenclature	n1c(C(=O)O)c(C(=O)O)ccc1
simpleCyclicGroups.xml	methanopterin	ring/simpleGroup/¾	blocked	not retained for general nomenclature	n1c2c(=O)[nH]c(N)nc2nc(C)c1[C@@H](C)Nc1ccc(C[C@@H]([C@@H]([C@@H](CO[C@H]2O[C@H](COP(O[C@@H](CCC(O)=O)C(O)=O)(O)=O)[C@H]([C@H]2O)O)O)O)O)cc1
simpleCyclicGroups.xml	tetrahydromethanopterin|5,6,7,8-tetrahydromethanopterin	ring/simpleGroup/¾	blocked	not retained for general nomenclature	N1c2c(=O)[nH]c(N)nc2N[C@@H](C)C1[C@@H](C)Nc1ccc(C[C@@H]([C@@H]([C@@H](CO[C@H]2O[C@H](COP(O[C@@H](CCC(O)=O)C(O)=O)(O)=O)[C@H]([C@H]2O)O)O)O)O)cc1
simpleCyclicGroups.xml	resveratrol	ring/simpleGroup/¾	blocked	not retained for general nomenclature	c1(cc(O)cc(O)c1)C=Cc2ccc(O)cc2
simpleCyclicGroups.xml	resorcin	ring/simpleGroup/¾	blocked	not retained for general nomenclature	c1(O)cc(O)ccc1
simpleCyclicGroups.xml	rhapontigenin	ring/simpleGroup/¾	blocked	not retained for general nomenclature	c1(cc(O)cc(O)c1)C=Cc2cc(O)c(OC)cc2
simpleCyclicGroups.xml	saligenin	ring/simpleGroup/¾	blocked	not retained for general nomenclature	OCc1ccccc1O
simpleCyclicGroups.xml	diethylstilbestrol	ring/simpleGroup/¾	blocked	not retained for general nomenclature	CC/C(c1ccc(O)cc1)=C(c2ccc(O)cc2)/CC
simpleCyclicGroups.xml	styphnate|styphnat	ring/simpleGroup/¾	blocked	not retained for general nomenclature	c1([N+](=O)[O-])c([O-])c([N+](=O)[O-])cc([N+](=O)[O-])c1[O-]
simpleCyclicGroups.xml	styphnic|styphnicacid|styphnic acid	ring/simpleGroup/¾	blocked	not retained for general nomenclature	c1([N+](=O)[O-])c(O)c([N+](=O)[O-])cc([N+](=O)[O-])c1O
simpleCyclicGroups.xml	styrene carbonate|styrene carbonat	ring/simpleGroup/¾	blocked	not retained for general nomenclature	C(OC(=O)O1)C1c1ccccc1
simpleCyclicGroups.xml	styrol	ring/simpleGroup/¾	blocked	not retained for general nomenclature	C=Cc1ccccc1
simpleCyclicGroups.xml	sydnone|sydnon	ring/simpleGroup/¾	blocked	not retained for general nomenclature	O1[N-][NH+]=CC1(=O)
simpleCyclicGroups.xml	terephthalyl alcohol	ring/simpleGroup/¾	blocked	not retained for general nomenclature	OCc1ccc(CO)cc1
simpleCyclicGroups.xml	thymohydroquinone|thymohydroquinon	ring/simpleGroup/¾	blocked	not retained for general nomenclature	c1(c(C(C)C)cc(O)c(C)c1)O
simpleCyclicGroups.xml	thymol	ring/simpleGroup/¾	allowed	P-63.1.1 retained hydroxy compounds	c1c(C)ccc(C(C)C)c1O
simpleCyclicGroups.xml	toluhydroquinone|toluhydroquinon	ring/simpleGroup/¾	blocked	not retained for general nomenclature	c1(c(C)cc(O)cc1)O
simpleCyclicGroups.xml	toluol	ring/simpleGroup/¾	blocked	not retained for general nomenclature	c1(ccccc1)C
simpleCyclicGroups.xml	tribenzamide|tribenzamid	ring/simpleGroup/¾	blocked	not retained for general nomenclature	c1ccccc1C(=O)N(C(=O)c2ccccc2)C(=O)c3ccccc3
simpleCyclicGroups.xml	uric|uricacid|uric acid	ring/simpleGroup/¾	blocked	not retained for general nomenclature	[nH]1c(=O)[nH]c2[nH]c(=O)[nH]c2c1=O
simpleCyclicGroups.xml	vanillin	ring/simpleGroup/¾	blocked	not retained for general nomenclature	O=Cc1cc(OC)c(O)cc1
simpleCyclicGroups.xml	o-vanillin	ring/simpleGroup/¾	blocked	not retained for general nomenclature	O=Cc1c(O)c(OC)ccc1
simpleCyclicGroups.xml	xylol	ring/simpleGroup/¾	blocked	not retained for general nomenclature	c1ccccc1
simpleCyclicGroups.xml	o-xylohydroquinone|ortho-xylohydroquinone|o-xylohydroquinon|ortho-xylohydroquinon	ring/simpleGroup/¾	blocked	not retained for general nomenclature	c1(c(C)c(C)c(O)cc1)O
simpleCyclicGroups.xml	m-xylohydroquinone|meta-xylohydroquinone|m-xylohydroquinon|meta-xylohydroquinon	ring/simpleGroup/¾	blocked	not retained for general nomenclature	c1(c(C)cc(O)cc1C)O
simpleCyclicGroups.xml	p-xylohydroquinone|para-xylohydroquinone|p-xylohydroquinon|para-xylohydroquinon	ring/simpleGroup/¾	blocked	not retained for general nomenclature	c1(c(C)cc(O)c(C)c1)O
simpleCyclicGroups.xml	zingerone|zingeron	ring/simpleGroup/¾	blocked	not retained for general nomenclature	O=C(C)CCc1cc(OC)c(O)cc1
simpleCyclicGroups.xml	4-pyridoxic|4-pyridoxic|4-pyridoxic acid	ring/biochemical/¾	blocked	not retained for general nomenclature	n1c(C)c(O)c(C(=O)O)c(CO)c1
simpleCyclicGroups.xml	4-pyridoxolactone|4-pyridoxolacton	ring/biochemical/¾	blocked	not retained for general nomenclature	n1c(C)c(O)c(C(=O)O2)c(C2)c1
simpleCyclicGroups.xml	5-pyridoxic|5-pyridoxic|5-pyridoxic acid	ring/biochemical/¾	blocked	not retained for general nomenclature	n1c(C)c(O)c(CO)c(C(=O)O)c1
simpleCyclicGroups.xml	5-pyridoxolactone|5-pyridoxolacton	ring/biochemical/¾	blocked	not retained for general nomenclature	n1c(C)c(O)c(C2)c(C(=O)O2)c1
simpleCyclicGroups.xml	isopyridoxal	ring/biochemical/¾	blocked	not retained for general nomenclature	n1c(C)c(O)c(CO)c(C=O)c1
simpleCyclicGroups.xml	pyridoxal	ring/biochemical/¾	blocked	not retained for general nomenclature	n1c(C)c(O)c(C=O)c(CO)c1
simpleCyclicGroups.xml	pyridoxamine|pyridoxamin	ring/biochemical/¾	blocked	not retained for general nomenclature	n1c(C)c(O)c(CN)c(CO)c1
simpleCyclicGroups.xml	pyridoxine|pyridoxin|pyridoxol	ring/biochemical/¾	blocked	not retained for general nomenclature	n1c(C)c(O)c(CO)c(CO)c1
simpleCyclicGroups.xml	pyridoxal-p	ring/biochemical/¾	blocked	not retained for general nomenclature	n1c(C)c(O)c(C=O)c(COP(=O)(O)O)c1
simpleCyclicGroups.xml	pyridoxamine-p|pyridoxamin-p	ring/biochemical/¾	blocked	not retained for general nomenclature	n1c(C)c(O)c(CN)c(COP(=O)(O)O)c1
simpleCyclicGroups.xml	pyridoxine-p|pyridoxin-p|pyridoxol-p	ring/biochemical/¾	blocked	not retained for general nomenclature	n1c(C)c(O)c(CO)c(COP(=O)(O)O)c1
simpleCyclicGroups.xml	2'-adenylic|2'-adenylicacid|2'-adenylic acid	ring/biochemical/¾	blocked	not retained for general nomenclature	[C@@H]1([C@H](OP(=O)(O)O)[C@H](O)[C@@H](CO)O1)n2cnc3c([nH2])ncnc23
simpleCyclicGroups.xml	3'-adenylic|3'-adenylicacid|3'-adenylic acid	ring/biochemical/¾	blocked	not retained for general nomenclature	[C@@H]1([C@H](O)[C@H](OP(=O)(O)O)[C@@H](CO)O1)n2cnc3c([nH2])ncnc23
simpleCyclicGroups.xml	5'-adenylic|5'-adenylicacid|5'-adenylic acid	ring/biochemical/¾	blocked	not retained for general nomenclature	[C@@H]1([C@H](O)[C@H](O)[C@@H](COP(=O)(O)O)O1)n2cnc3c([nH2])ncnc23
simpleCyclicGroups.xml	3'-thymidylic|3'-thymidylicacid|3'-thymidylic acid	ring/biochemical/¾	blocked	not retained for general nomenclature	[C@@H]1(C[C@H](OP(=O)(O)O)[C@@H](CO)O1)n2c(=O)[nH]c(=O)c(C)c2
simpleCyclicGroups.xml	5'-thymidylic|5'-thymidylicacid|5'-thymidylic acid	ring/biochemical/¾	blocked	not retained for general nomenclature	[C@@H]1(C[C@H](O)[C@@H](COP(=O)(O)O)O1)n2c(=O)[nH]c(=O)c(C)c2
simpleCyclicGroups.xml	2'-guanylic|2'-guanylicacid|2'-guanylic acid	ring/biochemical/¾	blocked	not retained for general nomenclature	[C@@H]1([C@H](OP(=O)(O)O)[C@H](O)[C@@H](CO)O1)n2cnc3c(=O)[nH]c(N)nc23
simpleCyclicGroups.xml	3'-guanylic|3'-guanylicacid|3'-guanylic acid	ring/biochemical/¾	blocked	not retained for general nomenclature	[C@@H]1([C@H](O)[C@H](OP(=O)(O)O)[C@@H](CO)O1)n2cnc3c(=O)[nH]c(N)nc23
simpleCyclicGroups.xml	5'-guanylic|5'-guanylicacid|5'-guanylic acid	ring/biochemical/¾	blocked	not retained for general nomenclature	[C@@H]1([C@H](O)[C@H](O)[C@@H](COP(=O)(O)O)O1)n2cnc3c(=O)[nH]c(N)nc23
simpleCyclicGroups.xml	2'-inosinic|2'-inosinicacid|2'-inosinic acid	ring/biochemical/¾	blocked	not retained for general nomenclature	[C@@H]1([C@H](OP(=O)(O)O)[C@H](O)[C@@H](CO)O1)n2cnc3c([oH])ncnc23
simpleCyclicGroups.xml	3'-inosinic|3'-inosinicacid|3'-inosinic acid	ring/biochemical/¾	blocked	not retained for general nomenclature	[C@@H]1([C@H](O)[C@H](OP(=O)(O)O)[C@@H](CO)O1)n2cnc3c([oH])ncnc23
simpleCyclicGroups.xml	5'-inosinic|5'-inosinicacid|5'-inosinic acid|inosinic acid	ring/biochemical/¾	blocked	not retained for general nomenclature	[C@@H]1([C@H](O)[C@H](O)[C@@H](COP(=O)(O)O)O1)n2cnc3c([oH])ncnc23
simpleCyclicGroups.xml	thioinosinic acid	ring/biochemical/¾	blocked	not retained for general nomenclature	[C@@H]1([C@H](O)[C@H](O)[C@@H](COP(=O)(O)O)O1)n2cnc3c([sH])ncnc23
simpleCyclicGroups.xml	2'-xanthylic|2'-xanthylicacid|2'-xanthylic acid	ring/biochemical/¾	blocked	not retained for general nomenclature	[C@@H]1([C@H](OP(=O)(O)O)[C@H](O)[C@@H](CO)O1)n2cnc3c(=O)[nH]c(=O)[nH]c23
simpleCyclicGroups.xml	3'-xanthylic|3'-xanthylicacid|3'-xanthylic acid	ring/biochemical/¾	blocked	not retained for general nomenclature	[C@@H]1([C@H](O)[C@H](OP(=O)(O)O)[C@@H](CO)O1)n2cnc3c(=O)[nH]c(=O)[nH]c23
simpleCyclicGroups.xml	5'-xanthylic|5'-xanthylicacid|5'-xanthylic acid	ring/biochemical/¾	blocked	not retained for general nomenclature	[C@@H]1([C@H](O)[C@H](O)[C@@H](COP(=O)(O)O)O1)n2cnc3c(=O)[nH]c(=O)[nH]c23
simpleCyclicGroups.xml	2'-cytidylic|2'-cytidylicacid|2'-cytidylic acid	ring/biochemical/¾	blocked	not retained for general nomenclature	[C@@H]1([C@H](OP(=O)(O)O)[C@H](O)[C@@H](CO)O1)n2c(=O)nc([nH2])cc2
simpleCyclicGroups.xml	3'-cytidylic|3'-cytidylicacid|3'-cytidylic acid	ring/biochemical/¾	blocked	not retained for general nomenclature	[C@@H]1([C@H](O)[C@H](OP(=O)(O)O)[C@@H](CO)O1)n2c(=O)nc([nH2])cc2
simpleCyclicGroups.xml	5'-cytidylic|5'-cytidylicacid|5'-cytidylic acid	ring/biochemical/¾	blocked	not retained for general nomenclature	[C@@H]1([C@H](O)[C@H](O)[C@@H](COP(=O)(O)O)O1)n2c(=O)nc([nH2])cc2
simpleCyclicGroups.xml	2'-uridylic|2'-uridylicacid|2'-uridylic acid	ring/biochemical/¾	blocked	not retained for general nomenclature	[C@@H]1([C@H](OP(=O)(O)O)[C@H](O)[C@@H](CO)O1)n2c(=O)[nH]c(=O)cc2
simpleCyclicGroups.xml	3'-uridylic|3'-uridylicacid|3'-uridylic acid	ring/biochemical/¾	blocked	not retained for general nomenclature	[C@@H]1([C@H](O)[C@H](OP(=O)(O)O)[C@@H](CO)O1)n2c(=O)[nH]c(=O)cc2
simpleCyclicGroups.xml	5'-uridylic|5'-uridylicacid|5'-uridylic acid	ring/biochemical/¾	blocked	not retained for general nomenclature	[C@@H]1([C@H](O)[C@H](O)[C@@H](COP(=O)(O)O)O1)n2c(=O)[nH]c(=O)cc2
simpleCyclicGroups.xml	2'-orotidylic|2'-orotidylicacid|2'-orotidylic acid	ring/biochemical/¾	blocked	not retained for general nomenclature	[C@@H]1([C@H](OP(=O)(O)O)[C@H](O)[C@@H](CO)O1)n2c(=O)[nH]c(=O)cc2C(=O)O
simpleCyclicGroups.xml	3'-orotidylic|3'-orotidylicacid|3'-orotidylic acid	ring/biochemical/¾	blocked	not retained for general nomenclature	[C@@H]1([C@H](O)[C@H](OP(=O)(O)O)[C@@H](CO)O1)n2c(=O)[nH]c(=O)cc2C(=O)O
simpleCyclicGroups.xml	5'-orotidylic|5'-orotidylicacid|5'-orotidylic acid	ring/biochemical/¾	blocked	not retained for general nomenclature	[C@@H]1([C@H](O)[C@H](O)[C@@H](COP(=O)(O)O)O1)n2c(=O)[nH]c(=O)cc2C(=O)O
simpleCyclicGroups.xml	chrysoeriol	ring/biochemical/¾	blocked	not retained for general nomenclature	o1c(cc(=O)c2c(O)cc(O)cc12)c3cc(OC)c(O)cc3
simpleCyclicGroups.xml	dihydrokaempferol	ring/biochemical/¾	blocked	not retained for general nomenclature	O1[C@@H]([C@@H](O)C(=O)c2c(O)cc(O)cc12)c3ccc(O)cc3
simpleCyclicGroups.xml	kaempferol	ring/biochemical/¾	blocked	not retained for general nomenclature	o1c(c(O)c(=O)c2c(O)cc(O)cc12)c3ccc(O)cc3
naturalProducts.xml	aconit	ring/biochemical/Ô	blocked	not retained for general nomenclature	C1[C@@H]2C[C@@H]3[C@H]1[C@H](CC2)[C@H]1C[C@@H]2[C@H]4CCC[C@@]32[C@@H]1NC4
naturalProducts.xml	ajmal	ring/biochemical/Ô	blocked	not retained for general nomenclature	c12[C@]3(C[C@H]45)C[C@@H]4N6C[C@@H](CC)[C@@H]5C[C@H]6[C@@H]3N(C)c2cccc1
naturalProducts.xml	cinchon	ring/biochemical/Ô	blocked	not retained for general nomenclature	[N@@]12C[C@H](C=C)[C@@H](CC1)C[C@@H]2Cc4ccnc5ccccc45
naturalProducts.xml	morphin	ring/biochemical/Ô	blocked	not retained for general nomenclature	c1cccc2[C@@]34CCCC[C@H]3[C@@H](Cc12)NCC4
naturalProducts.xml	trop	ring/biochemical/Ô	blocked	not retained for general nomenclature	[C@H]12CCC[C@@H]3CC1.N23C
naturalProducts.xml	androst	ring/biochemical/Ô	blocked	not retained for general nomenclature	C[C@@]12CCC[C@H]1[C@@H]1CCC3CCCC[C@]3(C)[C@H]1CC2
naturalProducts.xml	campest	ring/biochemical/Ô	blocked	not retained for general nomenclature	CC(C)[C@H](C)CC[C@@H](C)[C@H]1CC[C@H]2[C@@H]3CCC4CCCC[C@]4(C)[C@H]3CC[C@]12C
naturalProducts.xml	chol	ring/biochemical/Ô	blocked	not retained for general nomenclature	CCC[C@@H](C)[C@H]1CC[C@H]2[C@@H]3CCC4CCCC[C@]4(C)[C@H]3CC[C@]12C
naturalProducts.xml	cholest	ring/biochemical/Ô	blocked	not retained for general nomenclature	CC(C)CCC[C@@H](C)[C@H]1CC[C@H]2[C@@H]3CCC4CCCC[C@]4(C)[C@H]3CC[C@]12C
naturalProducts.xml	ergost	ring/biochemical/Ô	blocked	not retained for general nomenclature	CC(C)[C@@H](C)CC[C@@H](C)[C@H]1CC[C@H]2[C@@H]3CCC4CCCC[C@]4(C)[C@H]3CC[C@]12C
naturalProducts.xml	estr|oestr	ring/biochemical/Ô	blocked	not retained for general nomenclature	C[C@@]12CCC[C@H]1[C@@H]1CCC3CCCC[C@@H]3[C@H]1CC2
naturalProducts.xml	furost	ring/biochemical/Ô	blocked	not retained for general nomenclature	CC(C)CCC1O[C@H]2C[C@H]3[C@@H]4CCC5CCCC[C@]5(C)[C@H]4CC[C@]3(C)[C@H]2[C@@H]1C
naturalProducts.xml	gon	ring/biochemical/Ô	blocked	not retained for general nomenclature	C1C[C@H]2CC[C@H]3[C@@H](CCC4CCCC[C@H]34)[C@@H]2C1
naturalProducts.xml	gorgost	ring/biochemical/Ô	blocked	not retained for general nomenclature	CC(C)[C@@H](C)[C@@]1(C)C[C@@H]1[C@@H](C)[C@H]1CC[C@H]2[C@@H]3CCC4CCCC[C@]4(C)[C@H]3CC[C@]12C
naturalProducts.xml	poriferast	ring/biochemical/Ô	blocked	not retained for general nomenclature	CC[C@@H](CC[C@@H](C)[C@H]1CC[C@H]2[C@@H]3CCC4CCCC[C@]4(C)[C@H]3CC[C@]12C)C(C)C
naturalProducts.xml	pregn	ring/biochemical/Ô	blocked	not retained for general nomenclature	CC[C@H]1CC[C@H]2[C@@H]3CCC4CCCC[C@]4(C)[C@H]3CC[C@]12C
naturalProducts.xml	spirost	ring/biochemical/Ô	blocked	not retained for general nomenclature	C[C@H]1[C@H]2[C@H](C[C@H]3[C@@H]4CCC5CCCC[C@]5(C)[C@H]4CC[C@]23C)O[C@]11CCC(C)CO1
naturalProducts.xml	stigmast	ring/biochemical/Ô	blocked	not retained for general nomenclature	CC[C@H](CC[C@@H](C)[C@H]1CC[C@H]2[C@@H]3CCC4CCCC[C@]4(C)[C@H]3CC[C@]12C)C(C)C
naturalProducts.xml	pterocarp	ring/biochemical/Ô	blocked	not retained for general nomenclature	c1cccc2OC[C@H]3c4ccccc4O[C@H]3c12
naturalProducts.xml	prost	ring/biochemical/Ô	blocked	not retained for general nomenclature	CCCCCCC[C@H]1CCC[C@@H]1CCCCCCCC
naturalProducts.xml	roten	ring/biochemical/Ô	blocked	not retained for general nomenclature	O1[C@@H]2COc3ccccc3[C@@H]2Cc4ccccc14
naturalProducts.xml	thrombox	ring/biochemical/Ô	blocked	not retained for general nomenclature	CCCCCCC[C@H]1CCCO[C@@H]1CCCCCCCC
naturalProducts.xml	alpha-terpineol	ring/biochemical/G	blocked	not retained for general nomenclature	CC1=CCC(C(C)(O)C)CC1
naturalProducts.xml	beta-terpineol	ring/biochemical/G	blocked	not retained for general nomenclature	CC1(O)CCC(C(=C)C)CC1
naturalProducts.xml	gamma-terpineol	ring/biochemical/G	blocked	not retained for general nomenclature	CC1(O)CCC(=C(C)C)CC1
naturalProducts.xml	4-terpineol|terpin-4-ol|4-terpinenol|terpinen-4-ol	ring/biochemical/G	blocked	not retained for general nomenclature	CC1=CCC(C(C)C)(O)CC1
naturalProducts.xml	bufanolide|bufanolid	ring/biochemical/G	blocked	not retained for general nomenclature	C[C@]12CC[C@H]3[C@@H](CCC4CCCC[C@]34C)[C@H]1CC[C@@H]2[C@H]1CCC(=O)OC1
naturalProducts.xml	bufadienolide|bufadienolid	ring/biochemical/G	blocked	not retained for general nomenclature	C[C@]12CC[C@H]3[C@@H](CCC4CCCC[C@]34C)[C@H]1CC[C@@H]2C=1C=CC(=O)OC1
naturalProducts.xml	cardanolide|cardanolid	ring/biochemical/G	blocked	not retained for general nomenclature	C[C@]12CC[C@H]3[C@@H](CCC4CCCC[C@]34C)[C@H]1CC[C@@H]2[C@@H]1COC(=O)C1
naturalProducts.xml	cardenolide|cardenolid	ring/biochemical/G	blocked	not retained for general nomenclature	C[C@]12CC[C@H]3[C@@H](CCC4CCCC[C@]34C)[C@H]1CC[C@@H]2C=1COC(=O)C1
naturalProducts.xml	androstenol	ring/biochemical/G	blocked	not retained for general nomenclature	C[C@@]12C=CC[C@H]1[C@@H]1CC[C@H]3C[C@H](O)CC[C@]3(C)[C@H]1CC2
naturalProducts.xml	androstenone|androstenon	ring/biochemical/G	blocked	not retained for general nomenclature	C[C@@]12C=CC[C@H]1[C@@H]1CC[C@H]3CC(=O)CC[C@]3(C)[C@H]1CC2
naturalProducts.xml	androstadienone|androstadienon	ring/biochemical/G	blocked	not retained for general nomenclature	C[C@@]12C=CC[C@H]1[C@@H]1CCC3=CC(=O)CC[C@]3(C)[C@H]1CC2
naturalProducts.xml	androstanediol	ring/biochemical/G	blocked	not retained for general nomenclature	C[C@@]12[C@@H](O)CC[C@H]1[C@@H]1CC[C@H]3CC(O)CC[C@]3(C)[C@H]1CC2
naturalProducts.xml	androstenediol	ring/biochemical/G	blocked	not retained for general nomenclature	C[C@@]12[C@@H](O)CC[C@H]1[C@@H]1CCC3C[C@@H](O)CC[C@]3(C)[C@H]1CC2
naturalProducts.xml	androstenedione|androstenedion	ring/biochemical/G	blocked	not retained for general nomenclature	C[C@@]12C(=O)CC[C@H]1[C@@H]1CCC3CC(=O)CC[C@]3(C)[C@H]1CC2
naturalProducts.xml	campestanol	ring/biochemical/G	blocked	not retained for general nomenclature	CC(C)[C@H](C)CC[C@@H](C)[C@H]1CC[C@H]2[C@@H]3CC[C@H]4C[C@@H](O)CC[C@]4(C)[C@H]3CC[C@]12C
naturalProducts.xml	cholesterol	ring/biochemical/G	blocked	not retained for general nomenclature	CC(C)CCC[C@@H](C)[C@H]1CC[C@H]2[C@@H]3CC=C4C[C@@H](O)CC[C@]4(C)[C@H]3CC[C@]12C
naturalProducts.xml	codeine|codein	ring/biochemical/G	blocked	not retained for general nomenclature	c1cc(OC)c5c2[C@@]34[C@@H](O5)[C@@H](O)C=C[C@H]3[C@@H](Cc12)N(C)CC4
naturalProducts.xml	codeinone|codeinon	ring/biochemical/G	blocked	not retained for general nomenclature	c1cc(OC)c5c2[C@@]34[C@@H](O5)C(=O)C=C[C@H]3[C@@H](Cc12)N(C)CC4
naturalProducts.xml	dihydrocodeine|dihydrocodein	ring/biochemical/G	blocked	not retained for general nomenclature	c1cc(OC)c5c2[C@@]34[C@@H](O5)[C@@H](O)CC[C@H]3[C@@H](Cc12)N(C)CC4
naturalProducts.xml	hydrocodone|hydrocodon|dihydrocodeinone|dihydrocodeinon	ring/biochemical/G	blocked	not retained for general nomenclature	c1cc(OC)c5c2[C@@]34[C@@H](O5)C(=O)CC[C@H]3[C@@H](Cc12)N(C)CC4
naturalProducts.xml	oxycodone|oxycodon|dihydrohydroxycodeinone|dihydrohydroxycodeinon	ring/biochemical/G	blocked	not retained for general nomenclature	c1cc(OC)c5c2[C@@]34[C@@H](O5)C(=O)CC[C@](O)3[C@@H](Cc12)N(C)CC4
naturalProducts.xml	estratetraenol	ring/biochemical/G	blocked	not retained for general nomenclature	C[C@@]12C=CC[C@H]1[C@@H]1CCC=3C=C(O)C=CC3[C@H]1CC2
naturalProducts.xml	heroin|diamorphine|diamorphin|diacetylmorphine|diacetylmorphin	ring/biochemical/G	blocked	not retained for general nomenclature	c1cc(OC(=O)C)c5c2[C@@]34[C@@H](O5)[C@@H](OC(=O)C)C=C[C@H]3[C@@H](Cc12)N(C)CC4
naturalProducts.xml	dihydroheroin|diacetyldihydromorphine|diacetyldihydromorphin	ring/biochemical/G	blocked	not retained for general nomenclature	c1cc(OC(=O)C)c5c2[C@@]34[C@@H](O5)[C@@H](OC(=O)C)CC[C@H]3[C@@H](Cc12)N(C)CC4
naturalProducts.xml	morphine|morphin	ring/biochemical/G	blocked	not retained for general nomenclature	c1cc(O)c5c2[C@@]34[C@@H](O5)[C@@H](O)C=C[C@H]3[C@@H](Cc12)N(C)CC4
naturalProducts.xml	morphinone|morphinon	ring/biochemical/G	blocked	not retained for general nomenclature	c1cc(O)c5c2[C@@]34[C@@H](O5)C(=O)C=C[C@H]3[C@@H](Cc12)N(C)CC4
naturalProducts.xml	dihydromorphine|dihydromorphin	ring/biochemical/G	blocked	not retained for general nomenclature	c1cc(O)c5c2[C@@]34[C@@H](O5)[C@@H](O)CC[C@H]3[C@@H](Cc12)N(C)CC4
naturalProducts.xml	hydromorphone|hydromorphon|dihydromorphinone|dihydromorphinon	ring/biochemical/G	blocked	not retained for general nomenclature	c1cc(O)c5c2[C@@]34[C@@H](O5)C(=O)CC[C@H]3[C@@H](Cc12)N(C)CC4
naturalProducts.xml	aporphin	ring/biochemical/z	blocked	not retained for general nomenclature	c1ccc2CCN(C)C3Cc4ccccc4c1c23
naturalProducts.xml	berbin	ring/biochemical/z	blocked	not retained for general nomenclature	c1cccc2CCN3Cc4ccccc4CC3c12
naturalProducts.xml	ergolin	ring/biochemical/z	blocked	not retained for general nomenclature	C1CN[C@@H]2Cc3c[nH]c4cccc([C@H]2C1)c34
naturalProducts.xml	alpha-pinen	ring/biochemical/z	blocked	not retained for general nomenclature	C12C3=CCC4C156.C24.C5.C6.C3
naturalProducts.xml	(+)-alpha-pinen	ring/biochemical/z	blocked	not retained for general nomenclature	[C@@H]12C3=CC[C@H]4C156.C24.C5.C6.C3
naturalProducts.xml	(-)-alpha-pinen	ring/biochemical/z	blocked	not retained for general nomenclature	[C@H]12C3=CC[C@@H]4C156.C24.C5.C6.C3
naturalProducts.xml	beta-pinen	ring/biochemical/z	blocked	not retained for general nomenclature	C12C=3CCC4C156.C24.C5.C6.C3
naturalProducts.xml	(+)-beta-pinen	ring/biochemical/z	blocked	not retained for general nomenclature	[C@@H]12C=3CC[C@H]4C156.C24.C5.C6.C3
naturalProducts.xml	(-)-beta-pinen	ring/biochemical/z	blocked	not retained for general nomenclature	[C@H]12C=3CC[C@@H]4C156.C24.C5.C6.C3
naturalProducts.xml	alpha-terpinen	ring/biochemical/z	blocked	not retained for general nomenclature	CC1=CC=C(C(C)C)CC1
naturalProducts.xml	beta-terpinen	ring/biochemical/z	blocked	not retained for general nomenclature	C=C1CC=C(C(C)C)CC1
naturalProducts.xml	gamma-terpinen	ring/biochemical/z	blocked	not retained for general nomenclature	CC=1CC=C(C(C)C)CC1
naturalProducts.xml	delta-terpinen|terpinolen	ring/biochemical/z	blocked	not retained for general nomenclature	CC1=CCC(=C(C)C)CC1
naturalProducts.xml	beta,beta-caroten|beta-caroten|all-trans-beta-caroten	ring/biochemical/z	blocked	not retained for general nomenclature	C[C@@]1(C)CCCC(C)=C1/C=C/C(C)=C/C=C/C(C)=C/C=C/C=C(C)/C=C/C=C(C)/C=C/C2=C(C)CCC[C@]2(C)C
naturalProducts.xml	beta,gamma-caroten	ring/biochemical/z	blocked	not retained for general nomenclature	C[C@@]1(C)CCCC(C)=C1/C=C/C(C)=C/C=C/C(C)=C/C=C/C=C(C)/C=C/C=C(C)/C=C/C2C(=C)CCC[C@]2(C)C
naturalProducts.xml	beta,epsilon-caroten|alpha-caroten|all-trans-alpha-caroten	ring/biochemical/z	blocked	not retained for general nomenclature	C[C@@]1(C)CCCC(C)=C1/C=C/C(C)=C/C=C/C(C)=C/C=C/C=C(C)/C=C/C=C(C)/C=C/C2C(C)=CCC[C@]2(C)C
naturalProducts.xml	beta,kappa-caroten	ring/biochemical/z	blocked	not retained for general nomenclature	C[C@@]1(C)CCCC(C)=C1/C=C/C(C)=C/C=C/C(C)=C/C=C/C=C(C)/C=C/C=C(C)/C=C/CC2(C)CCC[C@]2(C)C
naturalProducts.xml	beta,phi-caroten	ring/biochemical/z	blocked	not retained for general nomenclature	C[C@@]1(C)CCCC(C)=C1/C=C/C(C)=C/C=C/C(C)=C/C=C/C=C(C)/C=C/C=C(C)/C=C/c2c(C)ccc(C)c2C
naturalProducts.xml	beta,chi-caroten	ring/biochemical/z	blocked	not retained for general nomenclature	C[C@@]1(C)CCCC(C)=C1/C=C/C(C)=C/C=C/C(C)=C/C=C/C=C(C)/C=C/C=C(C)/C=C/c2ccc(C)c(C)c2C
naturalProducts.xml	beta,psi-caroten|gamma-caroten|all-trans-gamma-caroten	ring/biochemical/z	blocked	not retained for general nomenclature	C[C@@]1(C)CCCC(C)=C1/C=C/C(C)=C/C=C/C(C)=C/C=C/C=C(C)/C=C/C=C(C)/C=C/C=C(C)/CC/C=C(C)/C
naturalProducts.xml	gamma,gamma-caroten	ring/biochemical/z	blocked	not retained for general nomenclature	C[C@@]1(C)CCCC(=C)C1/C=C/C(C)=C/C=C/C(C)=C/C=C/C=C(C)/C=C/C=C(C)/C=C/C2C(=C)CCC[C@]2(C)C
naturalProducts.xml	gamma,epsilon-caroten	ring/biochemical/z	blocked	not retained for general nomenclature	C[C@@]1(C)CCCC(=C)C1/C=C/C(C)=C/C=C/C(C)=C/C=C/C=C(C)/C=C/C=C(C)/C=C/C2C(C)=CCC[C@]2(C)C
naturalProducts.xml	gamma,kappa-caroten	ring/biochemical/z	blocked	not retained for general nomenclature	C[C@@]1(C)CCCC(=C)C1/C=C/C(C)=C/C=C/C(C)=C/C=C/C=C(C)/C=C/C=C(C)/C=C/CC2(C)CCC[C@]2(C)C
naturalProducts.xml	gamma,phi-caroten	ring/biochemical/z	blocked	not retained for general nomenclature	C[C@@]1(C)CCCC(=C)C1/C=C/C(C)=C/C=C/C(C)=C/C=C/C=C(C)/C=C/C=C(C)/C=C/c2c(C)ccc(C)c2C
naturalProducts.xml	gamma,chi-caroten	ring/biochemical/z	blocked	not retained for general nomenclature	C[C@@]1(C)CCCC(=C)C1/C=C/C(C)=C/C=C/C(C)=C/C=C/C=C(C)/C=C/C=C(C)/C=C/c2ccc(C)c(C)c2C
naturalProducts.xml	gamma,psi-caroten	ring/biochemical/z	blocked	not retained for general nomenclature	C[C@@]1(C)CCCC(=C)C1/C=C/C(C)=C/C=C/C(C)=C/C=C/C=C(C)/C=C/C=C(C)/C=C/C=C(C)/CC/C=C(C)/C
naturalProducts.xml	epsilon,epsilon-caroten|epsilon-caroten|all-trans-epsilon-caroten	ring/biochemical/z	blocked	not retained for general nomenclature	C[C@@]1(C)CCC=C(C)C1/C=C/C(C)=C/C=C/C(C)=C/C=C/C=C(C)/C=C/C=C(C)/C=C/C2C(C)=CCC[C@]2(C)C
naturalProducts.xml	epsilon,kappa-caroten	ring/biochemical/z	blocked	not retained for general nomenclature	C[C@@]1(C)CCC=C(C)C1/C=C/C(C)=C/C=C/C(C)=C/C=C/C=C(C)/C=C/C=C(C)/C=C/CC2(C)CCC[C@]2(C)C
naturalProducts.xml	epsilon,phi-caroten	ring/biochemical/z	blocked	not retained for general nomenclature	C[C@@]1(C)CCC=C(C)C1/C=C/C(C)=C/C=C/C(C)=C/C=C/C=C(C)/C=C/C=C(C)/C=C/c2c(C)ccc(C)c2C
naturalProducts.xml	epsilon,chi-caroten	ring/biochemical/z	blocked	not retained for general nomenclature	C[C@@]1(C)CCC=C(C)C1/C=C/C(C)=C/C=C/C(C)=C/C=C/C=C(C)/C=C/C=C(C)/C=C/c2ccc(C)c(C)c2C
naturalProducts.xml	epsilon,psi-caroten|delta-caroten|all-trans-delta-caroten	ring/biochemical/z	blocked	not retained for general nomenclature	C[C@@]1(C)CCC=C(C)C1/C=C/C(C)=C/C=C/C(C)=C/C=C/C=C(C)/C=C/C=C(C)/C=C/C=C(C)/CC/C=C(C)/C
naturalProducts.xml	kappa,kappa-caroten	ring/biochemical/z	blocked	not retained for general nomenclature	C[C@@]1(C)CCCC1(C)C/C=C/C(C)=C/C=C/C(C)=C/C=C/C=C(C)/C=C/C=C(C)/C=C/CC2(C)CCC[C@]2(C)C
naturalProducts.xml	kappa,phi-caroten	ring/biochemical/z	blocked	not retained for general nomenclature	C[C@@]1(C)CCCC1(C)C/C=C/C(C)=C/C=C/C(C)=C/C=C/C=C(C)/C=C/C=C(C)/C=C/c2c(C)ccc(C)c2C
naturalProducts.xml	kappa,chi-caroten	ring/biochemical/z	blocked	not retained for general nomenclature	C[C@@]1(C)CCCC1(C)C/C=C/C(C)=C/C=C/C(C)=C/C=C/C=C(C)/C=C/C=C(C)/C=C/c2ccc(C)c(C)c2C
naturalProducts.xml	kappa,psi-caroten	ring/biochemical/z	blocked	not retained for general nomenclature	C[C@@]1(C)CCCC1(C)C/C=C/C(C)=C/C=C/C(C)=C/C=C/C=C(C)/C=C/C=C(C)/C=C/C=C(C)/CC/C=C(C)/C
naturalProducts.xml	phi,phi-caroten|isorenieraten|all-trans-isorenieraten	ring/biochemical/z	blocked	not retained for general nomenclature	Cc1c(C)ccc(C)c1/C=C/C(C)=C/C=C/C(C)=C/C=C/C=C(C)/C=C/C=C(C)/C=C/c2c(C)ccc(C)c2C
naturalProducts.xml	phi,chi-caroten	ring/biochemical/z	blocked	not retained for general nomenclature	Cc1c(C)ccc(C)c1/C=C/C(C)=C/C=C/C(C)=C/C=C/C=C(C)/C=C/C=C(C)/C=C/c2ccc(C)c(C)c2C
naturalProducts.xml	phi,psi-caroten	ring/biochemical/z	blocked	not retained for general nomenclature	Cc1c(C)ccc(C)c1/C=C/C(C)=C/C=C/C(C)=C/C=C/C=C(C)/C=C/C=C(C)/C=C/C=C(C)/CC/C=C(C)/C
naturalProducts.xml	chi,chi-caroten|renierapurpurin|all-trans-renierapurpurin	ring/biochemical/z	blocked	not retained for general nomenclature	Cc1c(C)c(C)ccc1/C=C/C(C)=C/C=C/C(C)=C/C=C/C=C(C)/C=C/C=C(C)/C=C/c2ccc(C)c(C)c2C
naturalProducts.xml	chi,psi-caroten	ring/biochemical/z	blocked	not retained for general nomenclature	Cc1c(C)c(C)ccc1/C=C/C(C)=C/C=C/C(C)=C/C=C/C=C(C)/C=C/C=C(C)/C=C/C=C(C)/CC/C=C(C)/C
naturalProducts.xml	psi,psi-caroten|lycopen|all-trans-lycopen	ring/biochemical/z	blocked	not retained for general nomenclature	C/C(C)=C/CC/C(C)=C/C=C/C(C)=C/C=C/C(C)=C/C=C/C=C(C)/C=C/C=C(C)/C=C/C=C(C)/CC/C=C(C)/C
naturalProducts.xml	neurosporen|all-trans-neurosporen	ring/biochemical/z	blocked	not retained for general nomenclature	C/C(C)=C/CC/C(C)=C/CC/C(C)=C/C=C/C(C)=C/C=C/C=C(C)/C=C/C=C(C)/C=C/C=C(C)/CC/C=C(C)/C
naturalProducts.xml	zeta-caroten|all-trans-zeta-caroten	ring/biochemical/z	blocked	not retained for general nomenclature	C/C(C)=C/CC/C(C)=C/CC/C(C)=C/C=C/C(C)=C/C=C/C=C(C)/C=C/C=C(C)/CC/C=C(C)/CC/C=C(C)/C
naturalProducts.xml	cepham	ring/biochemical/z	blocked	not retained for general nomenclature	S1CCCN2[C@H]1CC2=O
naturalProducts.xml	cephem	ring/biochemical/z	blocked	not retained for general nomenclature	S1CCCN2[C@H]1CC2=O
naturalProducts.xml	ceph-2-em	ring/biochemical/z	blocked	not retained for general nomenclature	S1C=CCN2[C@H]1CC2=O
naturalProducts.xml	ceph-3-em	ring/biochemical/z	blocked	not retained for general nomenclature	S1CC=CN2[C@H]1CC2=O
naturalProducts.xml	penam	ring/biochemical/z	blocked	not retained for general nomenclature	S1CCN2[C@H]1CC2=O
naturalProducts.xml	penem	ring/biochemical/z	blocked	not retained for general nomenclature	S1CCN2[C@H]1CC2=O
naturalProducts.xml	pen-2-em	ring/biochemical/z	blocked	not retained for general nomenclature	S1C=CN2[C@H]1CC2=O
naturalProducts.xml	1-carbapen-1-em|1-carba-pen-1-em|carbapen-1-em|carba-pen-1-em	ring/biochemical/z	blocked	not retained for general nomenclature	C1=CCN2[C@H]1CC2=O
naturalProducts.xml	lysergic acid	aminoAcid/biochemical/Þ	blocked	not retained for general nomenclature	OC(=O)[C@H]1CN(C)[C@@H]2Cc3c[nH]c4cccc(c2c1)c34
naturalProducts.xml	dihydrolysergic acid	aminoAcid/biochemical/Þ	blocked	not retained for general nomenclature	OC(=O)[C@H]1CN(C)[C@@H]2Cc3c[nH]c4cccc(C2C1)c34
naturalProducts.xml	isolysergic acid	aminoAcid/biochemical/Þ	blocked	not retained for general nomenclature	OC(=O)[C@@H]1CN(C)[C@@H]2Cc3c[nH]c4cccc(c2c1)c34
naturalProducts.xml	dihydroisolysergic acid	aminoAcid/biochemical/Þ	blocked	not retained for general nomenclature	OC(=O)[C@@H]1CN(C)[C@@H]2Cc3c[nH]c4cccc(C2C1)c34
naturalProducts.xml	lysergate|lysergat	aminoAcid/biochemical/Þ	blocked	not retained for general nomenclature	[O-]C(=O)[C@H]1CN(C)[C@@H]2Cc3c[nH]c4cccc(c2c1)c34
naturalProducts.xml	dihydrolysergate|dihydrolysergat	aminoAcid/biochemical/Þ	blocked	not retained for general nomenclature	[O-]C(=O)[C@H]1CN(C)[C@@H]2Cc3c[nH]c4cccc(C2C1)c34
naturalProducts.xml	isolysergate|isolysergat	aminoAcid/biochemical/Þ	blocked	not retained for general nomenclature	[O-]C(=O)[C@@H]1CN(C)[C@@H]2Cc3c[nH]c4cccc(c2c1)c34
naturalProducts.xml	dihydroisolysergate|dihydroisolysergat	aminoAcid/biochemical/Þ	blocked	not retained for general nomenclature	[O-]C(=O)[C@@H]1CN(C)[C@@H]2Cc3c[nH]c4cccc(C2C1)c34
naturalProducts.xml	lysergamide|lysergamid	aminoAcid/biochemical/Þ	blocked	not retained for general nomenclature	NC(=O)[C@H]1CN(C)[C@@H]2Cc3c[nH]c4cccc(c2c1)c34
naturalProducts.xml	dihydrolysergamide|dihydrolysergamid	aminoAcid/biochemical/Þ	blocked	not retained for general nomenclature	NC(=O)[C@H]1CN(C)[C@@H]2Cc3c[nH]c4cccc(C2C1)c34
naturalProducts.xml	isolysergamide|isolysergamid	aminoAcid/biochemical/Þ	blocked	not retained for general nomenclature	NC(=O)[C@@H]1CN(C)[C@@H]2Cc3c[nH]c4cccc(c2c1)c34
naturalProducts.xml	dihydroisolysergamide|dihydroisolysergamid	aminoAcid/biochemical/Þ	blocked	not retained for general nomenclature	NC(=O)[C@@H]1CN(C)[C@@H]2Cc3c[nH]c4cccc(C2C1)c34
naturalProducts.xml	lysergol	aminoAcid/biochemical/Þ	blocked	not retained for general nomenclature	OC[C@H]1CN(C)[C@@H]2Cc3c[nH]c4cccc(c2c1)c34
naturalProducts.xml	dihydrolysergol	aminoAcid/biochemical/Þ	blocked	not retained for general nomenclature	OC[C@H]1CN(C)[C@@H]2Cc3c[nH]c4cccc(C2C1)c34
naturalProducts.xml	isolysergol	aminoAcid/biochemical/Þ	blocked	not retained for general nomenclature	OC[C@@H]1CN(C)[C@@H]2Cc3c[nH]c4cccc(c2c1)c34
naturalProducts.xml	dihydroisolysergol	aminoAcid/biochemical/Þ	blocked	not retained for general nomenclature	OC[C@@H]1CN(C)[C@@H]2Cc3c[nH]c4cccc(C2C1)c34
aminoAcids.xml	alan	aminoAcid/endInIne/¨	blocked	not retained for general nomenclature	N[C@@H](C)C
aminoAcids.xml	dehydroalan|alpha,beta-dehydroalan	aminoAcid/endInIne/¨	blocked	not retained for general nomenclature	NC(=C)C
aminoAcids.xml	argin	aminoAcid/endInIne/¨	blocked	not retained for general nomenclature	N[C@@H](CCCNC(N)=N)C
aminoAcids.xml	asparag	aminoAcid/endInIne/¨	blocked	not retained for general nomenclature	N[C@@H](CC(N)=O)C
aminoAcids.xml	isoasparag|alpha-asparag	aminoAcid/endInIne/¨	blocked	not retained for general nomenclature	N[C@@H](CC)C(N)=O
aminoAcids.xml	cystathion	aminoAcid/endInIne/¨	blocked	not retained for general nomenclature	N[C@@H](CCSC[C@@H](C)N)C
aminoAcids.xml	isoglutam|iso-glutam	aminoAcid/endInIne/¨	blocked	not retained for general nomenclature	N[C@@H](CCC)C(N)=O
aminoAcids.xml	glyc	aminoAcid/endInIne/¨	blocked	not retained for general nomenclature	NCC
aminoAcids.xml	histid	aminoAcid/endInIne/¨	blocked	not retained for general nomenclature	N[C@@H](Cc1c[nH]cn1)C
aminoAcids.xml	isoleuc|iso-leuc	aminoAcid/endInIne/¨	blocked	not retained for general nomenclature	N[C@@H]([C@@H](C)CC)C
aminoAcids.xml	alloisoleuc|allo-isoleuc	aminoAcid/endInIne/¨	blocked	not retained for general nomenclature	N[C@@H]([C@H](C)CC)C
aminoAcids.xml	leuc	aminoAcid/endInIne/¨	blocked	not retained for general nomenclature	N[C@@H](CC(C)C)C
aminoAcids.xml	lys	aminoAcid/endInIne/¨	blocked	not retained for general nomenclature	N[C@@H](CCCCN)C
aminoAcids.xml	methion	aminoAcid/endInIne/¨	blocked	not retained for general nomenclature	N[C@@H](CCSC)C
aminoAcids.xml	selenomethion|seleno-methion	aminoAcid/endInIne/¨	blocked	not retained for general nomenclature	N[C@@H](CC[Se]C)C
aminoAcids.xml	telluromethion|telluro-methion	aminoAcid/endInIne/¨	blocked	not retained for general nomenclature	N[C@@H](CC[Te]C)C
aminoAcids.xml	phenylalan	aminoAcid/endInIne/¨	blocked	not retained for general nomenclature	N[C@@H](Cc1ccccc1)C
aminoAcids.xml	dehydrophenylalan|alpha,beta-dehydrophenylalan	aminoAcid/endInIne/¨	blocked	not retained for general nomenclature	NC(=Cc1ccccc1)C
aminoAcids.xml	prol	aminoAcid/endInIne/¨	blocked	not retained for general nomenclature	N1[C@@H](CCC1)C
aminoAcids.xml	ser	aminoAcid/endInIne/¨	blocked	not retained for general nomenclature	N[C@@H](CO)C
aminoAcids.xml	threon	aminoAcid/endInIne/¨	blocked	not retained for general nomenclature	N[C@@H]([C@H](O)C)C
aminoAcids.xml	allothreon|allo-threon	aminoAcid/endInIne/¨	blocked	not retained for general nomenclature	N[C@@H]([C@@H](O)C)C
aminoAcids.xml	tyros	aminoAcid/endInIne/¨	blocked	not retained for general nomenclature	N[C@@H](Cc1ccc(cc1)O)C
aminoAcids.xml	val	aminoAcid/endInIne/¨	blocked	not retained for general nomenclature	N[C@@H](C(C)C)C
aminoAcids.xml	norval	aminoAcid/endInIne/¨	blocked	not retained for general nomenclature	N[C@@H](CCC)C
aminoAcids.xml	norargin	aminoAcid/endInIne/¨	blocked	not retained for general nomenclature	N[C@@H](CCNC(N)=N)C
aminoAcids.xml	norcyste	aminoAcid/endInIne/¨	blocked	not retained for general nomenclature	N[C@@H](S)C
aminoAcids.xml	norleuc	aminoAcid/endInIne/¨	blocked	not retained for general nomenclature	N[C@@H](CCCC)C
aminoAcids.xml	allys	aminoAcid/endInIne/¨	blocked	not retained for general nomenclature	N[C@@H](CCCC=O)C
aminoAcids.xml	citrull	aminoAcid/endInIne/¨	blocked	not retained for general nomenclature	N[C@@H](CCCNC(=O)N)C
aminoAcids.xml	ornith	aminoAcid/endInIne/¨	blocked	not retained for general nomenclature	N[C@@H](CCCN)C
aminoAcids.xml	sarcos	aminoAcid/endInIne/¨	blocked	not retained for general nomenclature	N(C)CC
aminoAcids.xml	thyron	aminoAcid/endInIne/¨	blocked	not retained for general nomenclature	N[C@@H](Cc1ccc(cc1)Oc2ccc(cc2)O)C
aminoAcids.xml	thyrox	aminoAcid/endInIne/¨	blocked	not retained for general nomenclature	N[C@@H](Cc1cc(I)c(c(I)c1)Oc2cc(I)c(c(I)c2)O)C
aminoAcids.xml	pyrrolys	aminoAcid/endInIne/¨	blocked	not retained for general nomenclature	N[C@@H](CCCCNC([C@H]1[C@H](C)CC=N1)=O)C
aminoAcids.xml	lanthion	aminoAcid/endInIne/¨	blocked	not retained for general nomenclature	N[C@@H](CSC[C@H](N)C)C
aminoAcids.xml	hydroxyprol	aminoAcid/endInIne/¨	blocked	not retained for general nomenclature	N1[C@@H](C[C@@H](O)C1)C
aminoAcids.xml	hydroxylys	aminoAcid/endInIne/¨	blocked	not retained for general nomenclature	N[C@@H](CC[C@@H](O)CN)C
aminoAcids.xml	hadacid	aminoAcid/endInIne/¨	blocked	not retained for general nomenclature	ON(C=O)CC
aminoAcids.xml	isoser|iso-ser	aminoAcid/endInIne/¨	blocked	not retained for general nomenclature	NCC(O)C
aminoAcids.xml	agarit	aminoAcid/endInIne/¨	blocked	not retained for general nomenclature	N[C@@H](CCC(=O)NNc1ccc(CO)cc1)C
aminoAcids.xml	azaser	aminoAcid/endInIne/¨	blocked	not retained for general nomenclature	N[C@@H](COC(=O)C=[N+]=[N-])C
aminoAcids.xml	alanos	aminoAcid/endInIne/¨	blocked	not retained for general nomenclature	N[C@@H](CN(O)N=O)C
aminoAcids.xml	albizz|albizzi	aminoAcid/endInIne/¨	blocked	not retained for general nomenclature	N[C@@H](CNC(=O)N)C
aminoAcids.xml	alli	aminoAcid/endInIne/¨	blocked	not retained for general nomenclature	N[C@@H](CS(=O)CC=C)C
aminoAcids.xml	ethion	aminoAcid/endInIne/¨	blocked	not retained for general nomenclature	N[C@@H](CCSCC)C
aminoAcids.xml	selenoethion|seleno-ethion	aminoAcid/endInIne/¨	blocked	not retained for general nomenclature	N[C@@H](CC[Se]CC)C
aminoAcids.xml	telluroethion|telluro-ethion	aminoAcid/endInIne/¨	blocked	not retained for general nomenclature	N[C@@H](CC[Te]CC)C
aminoAcids.xml	canal	aminoAcid/endInIne/¨	blocked	not retained for general nomenclature	N[C@@H](CCON)C
aminoAcids.xml	canavan	aminoAcid/endInIne/¨	blocked	not retained for general nomenclature	N[C@@H](CCONC(=N)N)C
aminoAcids.xml	cycloleuc	aminoAcid/endInIne/¨	blocked	not retained for general nomenclature	NC1(CCCC1)C
aminoAcids.xml	isoval|iso-val	aminoAcid/endInIne/¨	blocked	not retained for general nomenclature	N[C@@](C)(CC)C
aminoAcids.xml	penicillam	aminoAcid/endInIne/¨	blocked	not retained for general nomenclature	N[C@@H](C(C)(C)S)C
aminoAcids.xml	phenylglyc	aminoAcid/endInIne/¨	blocked	not retained for general nomenclature	NC(c1ccccc1)C
aminoAcids.xml	thean	aminoAcid/endInIne/¨	blocked	not retained for general nomenclature	N[C@@H](CCC(=O)NCC)C
aminoAcids.xml	felin	aminoAcid/endInIne/¨	blocked	not retained for general nomenclature	N[C@@H](CSC(C)(C)CCO)C
aminoAcids.xml	azidolys	aminoAcid/endInIne/¨	blocked	not retained for general nomenclature	N[C@@H](CCCCN=[N+]=[N-])C
aminoAcids.xml	azido-lys|azidonorleuc|azido-norleuc	aminoAcid/endInIne/¨	blocked	not retained for general nomenclature	N[C@@H](CCCCN=[N+]=[N-])C
aminoAcids.xml	azidohomoalan|azido-homoalan	aminoAcid/endInIne/¨	blocked	not retained for general nomenclature	N[C@@H](CCN=[N+]=[N-])C
aminoAcids.xml	azidophenylalan|azido-phenylalan	aminoAcid/endInIne/¨	blocked	not retained for general nomenclature	N[C@@H](Cc1ccc(N=[N+]=[N-])cc1)C
aminoAcids.xml	monoiodotyros|mono-iodotyros	aminoAcid/endInIne/¨	blocked	not retained for general nomenclature	N[C@@H](Cc1cc(I)c(cc1)O)C
aminoAcids.xml	diiodotyros|di-iodotyros	aminoAcid/endInIne/¨	blocked	not retained for general nomenclature	N[C@@H](Cc1cc(I)c(c(I)c1)O)C
aminoAcids.xml	triiodothyron|tri-iodothyron	aminoAcid/endInIne/¨	blocked	not retained for general nomenclature	N[C@@H](Cc1cc(I)c(c(I)c1)Oc2cc(I)c(cc2)O)C
aminoAcids.xml	tertiaryleuc|tertiary-leuc|tertleuc|tert-leuc|tert.leuc|tert.-leuc|t-leuc	aminoAcid/endInIne/¨	blocked	not retained for general nomenclature	N[C@@H](C(C)(C)C)C
aminoAcids.xml	thiaprol|thioprol	aminoAcid/endInIne/¨	blocked	not retained for general nomenclature	N1[C@@H](CSC1)C
aminoAcids.xml	panton	aminoAcid/endInIne/¨	blocked	not retained for general nomenclature	N[C@@H](C(C)(C)CO)C
aminoAcids.xml	lamin	aminoAcid/endInIne/¨	blocked	not retained for general nomenclature	N[C@@H](CCCC[N+](C)(C)C)C
aminoAcids.xml	saccharop	aminoAcid/endInIne/¨	blocked	not retained for general nomenclature	N[C@@H](CCCCN[C@H](C(=O)O)CCC(=O)O)C
aminoAcids.xml	tertiarybutylalan|tertiary-butylalan|tertbutylalan|tert-butylalan|tert.butylalan|tert.-butylalan|t-butylalan	aminoAcid/endInIne/¨	blocked	not retained for general nomenclature	N[C@@H](CC(C)(C)C)C
aminoAcids.xml	tertiarybutylglyc|tertiary-butylglyc|tertbutylglyc|tert-butylglyc|tert.butylglyc|tert.-butylglyc|t-butylglyc	aminoAcid/endInIne/¨	blocked	not retained for general nomenclature	NC(C(C)(C)C)C
aminoAcids.xml	propargylglyc	aminoAcid/endInIne/¨	blocked	not retained for general nomenclature	NC(CC#C)C
aminoAcids.xml	allylglyc	aminoAcid/endInIne/¨	blocked	not retained for general nomenclature	NC(CC=C)C
aminoAcids.xml	2-indolylglyc	aminoAcid/endInIne/¨	blocked	not retained for general nomenclature	N[C@@H](c1[nH]c2ccccc2c1)C
aminoAcids.xml	3-indolylglyc	aminoAcid/endInIne/¨	blocked	not retained for general nomenclature	N[C@@H](c1c[nH]c2ccccc12)C
aminoAcids.xml	norcitrull	aminoAcid/endInIne/¨	blocked	not retained for general nomenclature	N[C@@H](CCNC(=O)N)C
aminoAcids.xml	nortyros	aminoAcid/endInIne/¨	blocked	not retained for general nomenclature	N[C@@H](c1ccc(cc1)O)C
aminoAcids.xml	diphenylalan	aminoAcid/endInIne/¨	blocked	not retained for general nomenclature	N[C@@H](C(c1ccccc1)c1ccccc1)C
aminoAcids.xml	homoalan	aminoAcid/endInIne/¨	blocked	not retained for general nomenclature	N[C@@H](CC)C
aminoAcids.xml	homoargin	aminoAcid/endInIne/¨	blocked	not retained for general nomenclature	N[C@@H](CCCCNC(N)=N)C
aminoAcids.xml	homocitrull	aminoAcid/endInIne/¨	blocked	not retained for general nomenclature	N[C@@H](CCCCNC(=O)N)C
aminoAcids.xml	homohistid	aminoAcid/endInIne/¨	blocked	not retained for general nomenclature	N[C@@H](CCc1c[nH]cn1)C
aminoAcids.xml	homomethion	aminoAcid/endInIne/¨	blocked	not retained for general nomenclature	N[C@@H](CCCSC)C
aminoAcids.xml	homolanthion	aminoAcid/endInIne/¨	blocked	not retained for general nomenclature	N[C@@H](CCSCC[C@H](N)C)C
aminoAcids.xml	homoleuc	aminoAcid/endInIne/¨	blocked	not retained for general nomenclature	N[C@@H](CCC(C)C)C
aminoAcids.xml	homolys	aminoAcid/endInIne/¨	blocked	not retained for general nomenclature	N[C@@H](CCCCCN)C
aminoAcids.xml	homophenylalan	aminoAcid/endInIne/¨	blocked	not retained for general nomenclature	N[C@@H](CCc1ccccc1)C
aminoAcids.xml	homoprol	aminoAcid/endInIne/¨	blocked	not retained for general nomenclature	N1[C@@H](CCCC1)C
aminoAcids.xml	homopropargylglyc	aminoAcid/endInIne/¨	blocked	not retained for general nomenclature	NC(CCC#C)C
aminoAcids.xml	homoser	aminoAcid/endInIne/¨	blocked	not retained for general nomenclature	N[C@@H](CCO)C
aminoAcids.xml	homotyros	aminoAcid/endInIne/¨	blocked	not retained for general nomenclature	N[C@@H](CCc1ccc(cc1)O)C
aminoAcids.xml	beta-alan	aminoAcid/endInIne/¨	blocked	not retained for general nomenclature	NCCC
aminoAcids.xml	beta-homoalan	aminoAcid/endInIne/¨	blocked	not retained for general nomenclature	N[C@@H](C)CC
aminoAcids.xml	beta-homoargin	aminoAcid/endInIne/¨	blocked	not retained for general nomenclature	N[C@@H](CCCNC(N)=N)CC
aminoAcids.xml	beta-homoasparag	aminoAcid/endInIne/¨	blocked	not retained for general nomenclature	N[C@@H](CC(N)=O)CC
aminoAcids.xml	beta-homohydroxyprol	aminoAcid/endInIne/¨	blocked	not retained for general nomenclature	N1[C@@H](C[C@@H](O)C1)CC
aminoAcids.xml	beta-homoisoleuc	aminoAcid/endInIne/¨	blocked	not retained for general nomenclature	N[C@@H]([C@@H](C)CC)CC
aminoAcids.xml	beta-homoleuc	aminoAcid/endInIne/¨	blocked	not retained for general nomenclature	N[C@@H](CC(C)C)CC
aminoAcids.xml	beta-homolys	aminoAcid/endInIne/¨	blocked	not retained for general nomenclature	N[C@@H](CCCCN)CC
aminoAcids.xml	beta-homomethion	aminoAcid/endInIne/¨	blocked	not retained for general nomenclature	N[C@@H](CCSC)CC
aminoAcids.xml	beta-homophenylalan	aminoAcid/endInIne/¨	blocked	not retained for general nomenclature	N[C@@H](Cc1ccccc1)CC
aminoAcids.xml	beta-homoprol	aminoAcid/endInIne/¨	blocked	not retained for general nomenclature	N1[C@@H](CCC1)CC
aminoAcids.xml	beta-homopropargylglyc	aminoAcid/endInIne/¨	blocked	not retained for general nomenclature	NC(CC#C)CC
aminoAcids.xml	beta-homoser	aminoAcid/endInIne/¨	blocked	not retained for general nomenclature	N[C@@H](CO)CC
aminoAcids.xml	beta-homothreon	aminoAcid/endInIne/¨	blocked	not retained for general nomenclature	N[C@@H]([C@H](O)C)CC
aminoAcids.xml	beta-homotyros	aminoAcid/endInIne/¨	blocked	not retained for general nomenclature	N[C@@H](Cc1ccc(cc1)O)CC
aminoAcids.xml	beta-leuc	aminoAcid/endInIne/¨	blocked	not retained for general nomenclature	N[C@@H](C(C)C)CC
aminoAcids.xml	beta-phenylalan	aminoAcid/endInIne/¨	blocked	not retained for general nomenclature	N[C@@H](c1ccccc1)CC
aminoAcids.xml	alpha-glutam	aminoAcid/endInIne/Æ	blocked	not retained for general nomenclature	N[C@@H](CCC)C(N)=O
aminoAcids.xml	glutam	aminoAcid/endInIne/Æ	blocked	not retained for general nomenclature	N[C@@H](CCC(N)=O)C
aminoAcids.xml	beta-glutam	aminoAcid/endInIne/Æ	blocked	not retained for general nomenclature	N[C@@H](CC(N)=O)CC
aminoAcids.xml	homoglutam	aminoAcid/endInIne/Æ	blocked	not retained for general nomenclature	N[C@@H](CCCC(N)=O)C
aminoAcids.xml	beta-homoglutam	aminoAcid/endInIne/Æ	blocked	not retained for general nomenclature	N[C@@H](CCC(N)=O)CC
aminoAcids.xml	cyste	aminoAcid/endInIne/Æ	blocked	not retained for general nomenclature	N[C@@H](CS)C
aminoAcids.xml	homocyste	aminoAcid/endInIne/Æ	blocked	not retained for general nomenclature	N[C@@H](CCS)C
aminoAcids.xml	selenocyste|seleno-cyste	aminoAcid/endInIne/Æ	blocked	not retained for general nomenclature	N[C@@H](C[SeH])C
aminoAcids.xml	selenohomocyste|seleno-homocyste	aminoAcid/endInIne/Æ	blocked	not retained for general nomenclature	N[C@@H](CC[Se])C
aminoAcids.xml	tellurocyste|telluro-cyste	aminoAcid/endInIne/Æ	blocked	not retained for general nomenclature	N[C@@H](C[TeH])C
aminoAcids.xml	tellurohomocyste|telluro-homocyste	aminoAcid/endInIne/Æ	blocked	not retained for general nomenclature	N[C@@H](CC[Te])C
aminoAcids.xml	tryptoph	aminoAcid/endInAn/©	blocked	not retained for general nomenclature	N[C@@H](Cc1c[nH]c2ccccc12)C
aminoAcids.xml	homotryptoph	aminoAcid/endInAn/©	blocked	not retained for general nomenclature	N[C@@H](CCc1c[nH]c2ccccc12)C
aminoAcids.xml	beta-homotryptoph	aminoAcid/endInAn/©	blocked	not retained for general nomenclature	N[C@@H](Cc1c[nH]c2ccccc12)CC
aminoAcids.xml	nortryptoph	aminoAcid/endInAn/©	blocked	not retained for general nomenclature	N[C@@H](c1c[nH]c2ccccc12)C
aminoAcids.xml	aspart	aminoAcid/endInIc/ª	blocked	not retained for general nomenclature	N[C@@H](CC)C
aminoAcids.xml	homoaspart|glutam	aminoAcid/endInIc/ª	blocked	not retained for general nomenclature	N[C@@H](CCC)C
aminoAcids.xml	homoglutam	aminoAcid/endInIc/ª	blocked	not retained for general nomenclature	N[C@@H](CCCC)C
aminoAcids.xml	beta-homoglutam	aminoAcid/endInIc/ª	blocked	not retained for general nomenclature	N[C@@H](CCC)CC
aminoAcids.xml	beta-glutam|beta-homoaspart	aminoAcid/endInIc/ª	blocked	not retained for general nomenclature	N[C@@H](CC)CC
aminoAcids.xml	carboxyglutam	aminoAcid/endInIc/ª	blocked	not retained for general nomenclature	N[C@@H](CC(C(=O)O)C)C
aminoAcids.xml	cyste	aminoAcid/endInIc/ª	blocked	not retained for general nomenclature	N[C@@H](CS(=O)(O)=O)C
aminoAcids.xml	homocyste	aminoAcid/endInIc/ª	blocked	not retained for general nomenclature	N[C@@H](CCS(=O)(O)=O)C
aminoAcids.xml	selenocyste|seleno-cyste	aminoAcid/endInIc/ª	blocked	not retained for general nomenclature	N[C@@H](C[Se](=O)(O)=O)C
aminoAcids.xml	tellurocyste|telluro-cyste	aminoAcid/endInIc/ª	blocked	not retained for general nomenclature	N[C@@H](C[Te](=O)(O)=O)C
aminoAcids.xml	pantothen	aminoAcid/endInIc/ª	blocked	not retained for general nomenclature	CCCNC([C@H](O)C(C)(C)CO)=O
aminoAcids.xml	pyroglutam	aminoAcid/endInIc/ª	blocked	not retained for general nomenclature	N1[C@@H](CCC1=O)C
aminoAcids.xml	aspart-1-yl|l-aspart-1-yl|alpha-aspartyl|l-alpha-aspartyl|alpha-l-aspartyl	aminoAcid/simpleSubstituent/x	blocked	not retained for general nomenclature	N[C@@H](CC(O)=O)C=O
aminoAcids.xml	d-aspart-1-yl|d-alpha-aspartyl|alpha-d-aspartyl	aminoAcid/simpleSubstituent/x	blocked	not retained for general nomenclature	N[C@H](CC(O)=O)C=O
aminoAcids.xml	aspart-4-yl|l-aspart-4-yl|beta-aspartyl|l-beta-aspartyl|beta-l-aspartyl	aminoAcid/simpleSubstituent/x	blocked	not retained for general nomenclature	N[C@@H](CC=O)C(=O)O
aminoAcids.xml	d-aspart-4-yl|d-beta-aspartyl|beta-d-aspartyl	aminoAcid/simpleSubstituent/x	blocked	not retained for general nomenclature	N[C@H](CC=O)C(=O)O
aminoAcids.xml	glutam-1-yl|l-glutam-1-yl|alpha-glutamyl|l-alpha-glutamyl|alpha-l-glutamyl	aminoAcid/simpleSubstituent/x	blocked	not retained for general nomenclature	N[C@@H](CCC(O)=O)C=O
aminoAcids.xml	d-glutam-1-yl|d-alpha-glutamyl|alpha-d-glutamyl	aminoAcid/simpleSubstituent/x	blocked	not retained for general nomenclature	N[C@H](CCC(O)=O)C=O
aminoAcids.xml	glutam-5-yl|l-glutam-5-yl|gamma-glutamyl|l-gamma-glutamyl|gamma-l-glutamyl	aminoAcid/simpleSubstituent/x	blocked	not retained for general nomenclature	N[C@@H](CCC=O)C(=O)O
aminoAcids.xml	d-glutam-5-yl|d-gamma-glutamyl|gamma-d-glutamyl	aminoAcid/simpleSubstituent/x	blocked	not retained for general nomenclature	N[C@H](CCC=O)C(=O)O
aminoAcids.xml	cystyl|l-cystyl	aminoAcid/simpleSubstituent/x	blocked	not retained for general nomenclature	C([C@@H](C(=O))N)SSC[C@@H](C(=O))N
aminoAcids.xml	d-cystyl	aminoAcid/simpleSubstituent/x	blocked	not retained for general nomenclature	C([C@H](C(=O))N)SSC[C@H](C(=O))N
aminoAcids.xml	half-cystyl|l-half-cystyl	aminoAcid/simpleSubstituent/x	blocked	not retained for general nomenclature	N[C@@H](CS)C=O
aminoAcids.xml	d-half-cystyl	aminoAcid/simpleSubstituent/x	blocked	not retained for general nomenclature	N[C@H](CS)C=O
aminoAcids.xml	tryptyl|l-tryptyl	aminoAcid/simpleSubstituent/x	blocked	not retained for general nomenclature	N[C@@H](Cc1c[nH]c2ccccc12)C=O
aminoAcids.xml	d-tryptyl	aminoAcid/simpleSubstituent/x	blocked	not retained for general nomenclature	N[C@H](Cc1c[nH]c2ccccc12)C=O
aminoAcids.xml	aspartate(2-)	aminoAcid/simpleGroup/Þ	blocked	not retained for general nomenclature	N[C@@H](CC(=O)[O-])C(=O)[O-]
aminoAcids.xml	aspartate(1-)	aminoAcid/simpleGroup/Þ	blocked	not retained for general nomenclature	N[C@@H](CC(=O)O)C(=O)[O-]
aminoAcids.xml	glutamate(2-)	aminoAcid/simpleGroup/Þ	blocked	not retained for general nomenclature	N[C@@H](CCC(=O)[O-])C(=O)[O-]
aminoAcids.xml	glutamate(1-)	aminoAcid/simpleGroup/Þ	blocked	not retained for general nomenclature	N[C@@H](CCC(=O)O)C(=O)[O-]
aminoAcids.xml	lysinium(1+)	aminoAcid/simpleGroup/Þ	blocked	not retained for general nomenclature	[NH3+][C@@H](CCCCN)C(=O)O
aminoAcids.xml	lysinium(2+)	aminoAcid/simpleGroup/Þ	blocked	not retained for general nomenclature	[NH3+][C@@H](CCCC[NH3+])C(=O)O
aminoAcids.xml	aspart-1-al	aminoAcid/simpleGroup/Þ	blocked	not retained for general nomenclature	N[C@@H](CC(=O)O)C=O
aminoAcids.xml	aspart-4-al	aminoAcid/simpleGroup/Þ	blocked	not retained for general nomenclature	N[C@@H](CC(=O))C(=O)O
aminoAcids.xml	aspart-1-ol	aminoAcid/simpleGroup/Þ	blocked	not retained for general nomenclature	N[C@@H](CC(=O)O)CO
aminoAcids.xml	aspart-4-ol	aminoAcid/simpleGroup/Þ	blocked	not retained for general nomenclature	N[C@@H](CC(O))C(=O)O
aminoAcids.xml	glutam-1-al	aminoAcid/simpleGroup/Þ	blocked	not retained for general nomenclature	N[C@@H](CCC(=O)O)C=O
aminoAcids.xml	glutam-4-al	aminoAcid/simpleGroup/Þ	blocked	not retained for general nomenclature	N[C@@H](CCC(=O))C(=O)O
aminoAcids.xml	glutam-1-ol	aminoAcid/simpleGroup/Þ	blocked	not retained for general nomenclature	N[C@@H](CCC(=O)O)CO
aminoAcids.xml	glutam-4-ol	aminoAcid/simpleGroup/Þ	blocked	not retained for general nomenclature	N[C@@H](CCC(O))C(=O)O
aminoAcids.xml	arginamide|arginamid	aminoAcid/simpleGroup/Þ	blocked	not retained for general nomenclature	N[C@@H](CCCNC(N)=N)C(=O)N
aminoAcids.xml	arginate|arginat	aminoAcid/simpleGroup/Þ	blocked	not retained for general nomenclature	N[C@@H](CCCNC(N)=N)C(=O)[O-]
aminoAcids.xml	homoarginamide|homoarginamid	aminoAcid/simpleGroup/Þ	blocked	not retained for general nomenclature	N[C@@H](CCCCNC(N)=N)C(=O)N
aminoAcids.xml	homoarginate|homoarginat	aminoAcid/simpleGroup/Þ	blocked	not retained for general nomenclature	N[C@@H](CCCCNC(N)=N)C(=O)[O-]
aminoAcids.xml	methionine sulfoxide|methioninesulfoxide|methionin sulfoxid|methionin-sulfoxid|methioninsulfoxid|methionine oxide|methionineoxide|methionin oxid|methionin-oxid|methioninoxid	aminoAcid/simpleGroup/Þ	blocked	not retained for general nomenclature	N[C@@H](CCS(=O)C)C(=O)O
aminoAcids.xml	pantothenol|panthenol	aminoAcid/simpleGroup/Þ	blocked	not retained for general nomenclature	OCCCNC([C@H](O)C(C)(C)CO)=O
aminoAcids.xml	pidolic acid|pidolicacid	aminoAcid/simpleGroup/Þ	blocked	not retained for general nomenclature	N1[C@@H](CCC1=O)C(=O)O
aminoAcids.xml	pidolate|pidolat	aminoAcid/simpleGroup/Þ	blocked	not retained for general nomenclature	N1[C@@H](CCC1=O)C(=O)[O-]
aminoAcids.xml	pyroglutamal	aminoAcid/simpleGroup/Þ	blocked	not retained for general nomenclature	N1[C@@H](CCC1=O)C=O
aminoAcids.xml	pyroglutamol	aminoAcid/simpleGroup/Þ	blocked	not retained for general nomenclature	N1[C@@H](CCC1=O)CO
aminoAcids.xml	pyroglutamide|pyroglutamid	aminoAcid/simpleGroup/Þ	blocked	not retained for general nomenclature	N1[C@@H](CCC1=O)C(=O)N
aminoAcids.xml	selenomethionine selenoxide|selenomethionineselenoxide|selenomethionin selenoxid|selenomethionin-selenoxid|selenomethioninselenoxid|selenomethionine oxide|selenomethionineoxide|selenomethionin oxid|selenomethionin-oxid|selenomethioninoxid	aminoAcid/simpleGroup/Þ	blocked	not retained for general nomenclature	N[C@@H](CC[Se](=O)C)C(=O)O
aminoAcids.xml	telluromethionine telluroxide|telluromethioninetelluroxide|telluromethionin telluroxid|telluromethionin-telluroxid|telluromethionintelluroxid|telluromethionine oxide|telluromethionineoxide|telluromethionin oxid|telluromethionin-oxid|telluromethioninoxid	aminoAcid/simpleGroup/Þ	blocked	not retained for general nomenclature	N[C@@H](CC[Te](=O)C)C(=O)O
aminoAcids.xml	abrine	aminoAcid/simpleGroup/Þ	blocked	not retained for general nomenclature	N(C)[C@@H](Cc1c[nH]c2ccccc12)C(=O)O
aminoAcids.xml	cystine|cystin	aminoAcid/simpleGroup/Þ	blocked	not retained for general nomenclature	C([C@@H](C(=O)O)N)SSC[C@@H](C(=O)O)N
aminoAcids.xml	cystinate|cystinat	aminoAcid/simpleGroup/Þ	blocked	not retained for general nomenclature	C([C@@H](C(=O)[O-])N)SSC[C@@H](C(=O)[O-])N
aminoAcids.xml	dopa	aminoAcid/simpleGroup/Þ	blocked	not retained for general nomenclature	O=C(O)[C@@H](N)Cc1ccc(O)c(O)c1
aminoAcids.xml	homocystine|homocystin	aminoAcid/simpleGroup/Þ	blocked	not retained for general nomenclature	C(C[C@@H](C(=O)O)N)SSCC[C@@H](C(=O)O)N
aminoAcids.xml	homocystinate|homocystinat	aminoAcid/simpleGroup/Þ	blocked	not retained for general nomenclature	C(C[C@@H](C(=O)[O-])N)SSCC[C@@H](C(=O)[O-])N
aminoAcids.xml	selenocystine|seleno-cystine|selenocystin|seleno-cystin	aminoAcid/simpleGroup/Þ	blocked	not retained for general nomenclature	C([C@@H](C(=O)O)N)[Se][Se]C[C@@H](C(=O)O)N
aminoAcids.xml	selenocystinate|seleno-cystinate|selenocystinat|seleno-cystinat	aminoAcid/simpleGroup/Þ	blocked	not retained for general nomenclature	C([C@@H](C(=O)[O-])N)[Se][Se]C[C@@H](C(=O)[O-])N
aminoAcids.xml	tellurocystine|telluro-cystine|tellurocystin|telluro-cystin	aminoAcid/simpleGroup/Þ	blocked	not retained for general nomenclature	C([C@@H](C(=O)O)N)[Te][Te]C[C@@H](C(=O)O)N
aminoAcids.xml	tellurocystinate|telluro-cystinate|tellurocystinat|telluro-cystinat	aminoAcid/simpleGroup/Þ	blocked	not retained for general nomenclature	C([C@@H](C(=O)[O-])N)[Te][Te]C[C@@H](C(=O)[O-])N
aminoAcids.xml	alanopine|alanopin	aminoAcid/simpleGroup/G	blocked	not retained for general nomenclature	N(C(C)C(=O)O)C(C)C(=O)O
aminoAcids.xml	beta-alanopine|beta-alanopin	aminoAcid/simpleGroup/G	blocked	not retained for general nomenclature	N(C(C)C(=O)O)CCC(=O)O
aminoAcids.xml	butyrine	aminoAcid/simpleGroup/G	blocked	not retained for general nomenclature	NC(CC)C(=O)O
aminoAcids.xml	carnitine|carnitin	aminoAcid/simpleGroup/G	blocked	not retained for general nomenclature	OC(C[N+](C)(C)C)CC([O-])=O
aminoAcids.xml	l-carnitine|l-carnitin	aminoAcid/simpleGroup/G	blocked	not retained for general nomenclature	O[C@@H](C[N+](C)(C)C)CC([O-])=O
aminoAcids.xml	d-carnitine|d-carnitin	aminoAcid/simpleGroup/G	blocked	not retained for general nomenclature	O[C@H](C[N+](C)(C)C)CC([O-])=O
aminoAcids.xml	ciliatine	aminoAcid/simpleGroup/G	blocked	not retained for general nomenclature	NCCP(=O)(O)O
aminoAcids.xml	creatine|creatin	aminoAcid/simpleGroup/G	blocked	not retained for general nomenclature	O=C(O)CN(C)C(N)=N
aminoAcids.xml	cystamine|cystamin	aminoAcid/simpleGroup/G	blocked	not retained for general nomenclature	NCCSSCCN
aminoAcids.xml	cysteamine|cysteamin	aminoAcid/simpleGroup/G	blocked	not retained for general nomenclature	NCCS
aminoAcids.xml	diaminopimelic acid|d,l-diaminopimelic acid|meso-diaminopimelic acid	aminoAcid/simpleGroup/G	blocked	not retained for general nomenclature	N[C@@H](CCC[C@@H](N)C(=O)O)C(=O)O
aminoAcids.xml	l,l-diaminopimelic acid|ll-diaminopimelic acid|l-diaminopimelic acid	aminoAcid/simpleGroup/G	blocked	not retained for general nomenclature	N[C@@H](CCC[C@H](N)C(=O)O)C(=O)O
aminoAcids.xml	d,d-diaminopimelic acid|dd-diaminopimelic acid|d-diaminopimelic acid	aminoAcid/simpleGroup/G	blocked	not retained for general nomenclature	N[C@H](CCC[C@@H](N)C(=O)O)C(=O)O
aminoAcids.xml	dibromotyrosine|dibromotyrosin	aminoAcid/simpleGroup/G	blocked	not retained for general nomenclature	N[C@@H](Cc1cc(Br)c(c(Br)c1)O)C(=O)O
aminoAcids.xml	dihydroxyphenylglycine|dihydroxyphenylglycin	aminoAcid/simpleGroup/G	blocked	not retained for general nomenclature	N[C@@H](c1cc(O)cc(O)c1)C(=O)O
aminoAcids.xml	glutathione disulfide|glutathionedisulfide|glutathion disulfid|glutathion-disulfid|glutathiondisulfid	aminoAcid/simpleGroup/G	blocked	not retained for general nomenclature	O=C(N[C@H](C(NCC(O)=O)=O)CSSC[C@H](NC(CC[C@H](N)C(O)=O)=O)C(NCC(O)=O)=O)CC[C@H](N)C(O)=O
aminoAcids.xml	guvacine|guvacin	aminoAcid/simpleGroup/G	blocked	not retained for general nomenclature	N1CC(C(=O)O)=CCC1
aminoAcids.xml	homohypotaurine|homohypotaurin	aminoAcid/simpleGroup/G	blocked	not retained for general nomenclature	NCCCS(=O)O
aminoAcids.xml	homohypotaurinate|homohypotaurate|homohypotaurinat|homohypotaurat	aminoAcid/simpleGroup/G	blocked	not retained for general nomenclature	NCCCS(=O)[O-]
aminoAcids.xml	homoselenohypotaurine|homoselenohypotaurin	aminoAcid/simpleGroup/G	blocked	not retained for general nomenclature	NCCC[Se](=O)O
aminoAcids.xml	homoselenohypotaurinate|homoselenohypotaurate|homoselenohypotaurinat|homoselenohypotaurat	aminoAcid/simpleGroup/G	blocked	not retained for general nomenclature	NCCC[Se](=O)[O-]
aminoAcids.xml	homotaurine|homotaurin	aminoAcid/simpleGroup/G	blocked	not retained for general nomenclature	NCCCS(=O)(=O)O
aminoAcids.xml	homotaurinate|homotaurate|homotaurinat|homotaurat	aminoAcid/simpleGroup/G	blocked	not retained for general nomenclature	NCCCS(=O)(=O)[O-]
aminoAcids.xml	homoselenotaurine|homoselenotaurin	aminoAcid/simpleGroup/G	blocked	not retained for general nomenclature	NCCC[Se](=O)(=O)O
aminoAcids.xml	homoselenotaurinate|homoselenotaurate|homoselenotaurinat|homoselenotaurat	aminoAcid/simpleGroup/G	blocked	not retained for general nomenclature	NCCC[Se](=O)(=O)[O-]
aminoAcids.xml	hypotaurine|hypotaurin	aminoAcid/simpleGroup/G	blocked	not retained for general nomenclature	NCCS(=O)O
aminoAcids.xml	hypotaurinate|hypotaurate|hypotaurinat|hypotaurat	aminoAcid/simpleGroup/G	blocked	not retained for general nomenclature	NCCS(=O)[O-]
aminoAcids.xml	hypotaurocyamine|hypotaurocyamin	aminoAcid/simpleGroup/G	blocked	not retained for general nomenclature	NC(=N)NCCS(=O)O
aminoAcids.xml	methioninamine|methioninamin	aminoAcid/simpleGroup/G	blocked	not retained for general nomenclature	NCCCSC
aminoAcids.xml	methylselenocysteine|methylselenocystein	aminoAcid/simpleGroup/G	blocked	not retained for general nomenclature	N[C@@H](C[Se]C)C(=O)O
aminoAcids.xml	nopaline	aminoAcid/simpleGroup/G	blocked	not retained for general nomenclature	NC(=N)NCCCC(C(=O)O)NC(C(=O)O)CCC(=O)O
aminoAcids.xml	octopinic acid|octopinicacid	aminoAcid/simpleGroup/G	blocked	not retained for general nomenclature	NCCCC(C(=O)O)NC(C)C(=O)O
aminoAcids.xml	octopine|octopin	aminoAcid/simpleGroup/G	blocked	not retained for general nomenclature	NC(=N)NCCCC(C(=O)O)NC(C)C(=O)O
aminoAcids.xml	selenocystamine|seleno-cystamine|selenocystamin|seleno-cystamin	aminoAcid/simpleGroup/G	blocked	not retained for general nomenclature	NCC[Se][Se]CCN
aminoAcids.xml	selenocysteamine|seleno-cysteamine|selenocysteamin|seleno-cysteamin	aminoAcid/simpleGroup/G	blocked	not retained for general nomenclature	NCC[SeH]
aminoAcids.xml	selenohypotaurine|seleno-hypotaurine|selenohypotaurin|seleno-hypotaurin	aminoAcid/simpleGroup/G	blocked	not retained for general nomenclature	NCC[Se](=O)O
aminoAcids.xml	selenohypotaurinate|seleno-hypotaurinate|selenohypotaurate|seleno-hypotaurate|selenohypotaurinat|seleno-hypotaurinat|selenohypotaurat|seleno-hypotaurat	aminoAcid/simpleGroup/G	blocked	not retained for general nomenclature	NCC[Se](=O)[O-]
aminoAcids.xml	strombine	aminoAcid/simpleGroup/G	blocked	not retained for general nomenclature	N(C(C)C(=O)O)CC(=O)O
aminoAcids.xml	taurine|taurin	aminoAcid/simpleGroup/G	blocked	not retained for general nomenclature	NCCS(=O)(=O)O
aminoAcids.xml	taurinate|taurate|taurinat|taurat	aminoAcid/simpleGroup/G	blocked	not retained for general nomenclature	NCCS(=O)(=O)[O-]
aminoAcids.xml	dimethyltaurate|dimethyltaurat	aminoAcid/simpleGroup/G	blocked	not retained for general nomenclature	NC(C)(C)CS(=O)(=O)[O-]
aminoAcids.xml	selenotaurine|seleno-taurine|selenotaurin|seleno-taurin	aminoAcid/simpleGroup/G	blocked	not retained for general nomenclature	NCC[Se](=O)(=O)O
aminoAcids.xml	selenotaurinate|seleno-taurinate|selenotaurate|seleno-taurate|selenotaurinat|seleno-taurinat|selenotaurat|seleno-taurat	aminoAcid/simpleGroup/G	blocked	not retained for general nomenclature	NCC[Se](=O)(=O)[O-]
aminoAcids.xml	taurocyamine|taurocyamin	aminoAcid/simpleGroup/G	blocked	not retained for general nomenclature	NC(=N)NCCS(=O)(=O)O
aminoAcids.xml	tauropine|tauropin	aminoAcid/simpleGroup/G	blocked	not retained for general nomenclature	N(C(C)C(=O)O)CCS(=O)(=O)O
aminoAcids.xml	tetrazolylglycine|tetrazolylglycin	aminoAcid/simpleGroup/G	blocked	not retained for general nomenclature	NC(c1nnnn1)C(=O)O
aminoAcids.xml	tricine	aminoAcid/simpleGroup/G	blocked	not retained for general nomenclature	N(CC(=O)O)C(CO)(CO)CO
aminoAcids.xml	isolysine|beta-lysine|isolysin|beta-lysin	aminoAcid/simpleGroup/G	blocked	not retained for general nomenclature	NC(CC(=O)(O))CCCN
aminoAcids.xml	lysopine|d-lysopine|lysopin|d-lysopin	aminoAcid/simpleGroup/G	blocked	not retained for general nomenclature	O=C(O)[C@H](N[C@H](C(=O)O)CCCCN)C
aminoAcids.xml	d-methionine (s)-sulfoxide|d-methionine-(s)-sulfoxide|d-methionine-s-sulfoxide|d-methionin-(s)-sulfoxid|d-methionin-s-sulfoxid|d-methionine (s)-s-oxide|d-methionine-(s)-s-oxide|d-methionin-(s)-s-oxid	aminoAcid/simpleGroup/G	blocked	not retained for general nomenclature	N[C@H](CC[S@@](=O)C)C(=O)O
aminoAcids.xml	d-methionine (r)-sulfoxide|d-methionine-(r)-sulfoxide|d-methionine-r-sulfoxide|d-methionin-(r)-sulfoxid|d-methionin-r-sulfoxid|d-methionine (r)-s-oxide|d-methionine-(r)-s-oxide|d-methionin-(r)-s-oxid	aminoAcid/simpleGroup/G	blocked	not retained for general nomenclature	N[C@H](CC[S@](=O)C)C(=O)O
aminoAcids.xml	methionine (s)-sulfoxide|methionine-(s)-sulfoxide|methionine-s-sulfoxide|methionin-(s)-sulfoxid|methionin-s-sulfoxid|methionine (s)-s-oxide|methionine-(s)-s-oxide|methionin-(s)-s-oxid|l-methionine (s)-sulfoxide|l-methionine-(s)-sulfoxide|l-methionine-s-sulfoxide|l-methionin-(s)-sulfoxid|l-methionin-s-sulfoxid|l-methionine (s)-s-oxide|l-methionine-(s)-s-oxide|l-methionin-(s)-s-oxid	aminoAcid/simpleGroup/G	blocked	not retained for general nomenclature	N[C@@H](CC[S@@](=O)C)C(=O)O
aminoAcids.xml	methionine (r)-sulfoxide|methionine-(r)-sulfoxide|methionine-r-sulfoxide|methionin-(r)-sulfoxid|methionin-r-sulfoxid|methionine (r)-s-oxide|methionine-(r)-s-oxide|methionin-(r)-s-oxid|l-methionine (r)-sulfoxide|l-methionine-(r)-sulfoxide|l-methionine-r-sulfoxide|l-methionin-(r)-sulfoxid|l-methionin-r-sulfoxid|l-methionine (r)-s-oxide|l-methionine-(r)-s-oxide|l-methionin-(r)-s-oxid	aminoAcid/simpleGroup/G	blocked	not retained for general nomenclature	N[C@@H](CC[S@](=O)C)C(=O)O
aminoAcids.xml	pantetheine|pantethein	aminoAcid/simpleGroup/G	blocked	not retained for general nomenclature	O=C(NCCC(NCCS)=O)[C@H](O)C(C)(C)CO
aminoAcids.xml	statine	aminoAcid/simpleGroup/G	blocked	not retained for general nomenclature	N[C@@H](CC(C)C)[C@@H](O)CC(O)=O
aminoAcids.xml	trimethylglycine|trimethylglycin	aminoAcid/simpleGroup/G	blocked	not retained for general nomenclature	C[N+](C)(C)CC(=O)[O-]
carbohydrates.xml	glycer	carbohydrate/carbohydrateStemAldose/á	blocked	not retained for general nomenclature	O=C[C@H](O)CO
carbohydrates.xml	erythr	carbohydrate/carbohydrateStemAldose/á	blocked	not retained for general nomenclature	O=C[C@H](O)[C@H](O)CO
carbohydrates.xml	thre	carbohydrate/carbohydrateStemAldose/á	blocked	not retained for general nomenclature	O=C[C@@H](O)[C@H](O)CO
carbohydrates.xml	rib	carbohydrate/carbohydrateStemAldose/á	blocked	not retained for general nomenclature	O=C[C@H](O)[C@H](O)[C@H](O)CO
carbohydrates.xml	arabin	carbohydrate/carbohydrateStemAldose/á	blocked	not retained for general nomenclature	O=C[C@@H](O)[C@H](O)[C@H](O)CO
carbohydrates.xml	xyl	carbohydrate/carbohydrateStemAldose/á	blocked	not retained for general nomenclature	O=C[C@H](O)[C@@H](O)[C@H](O)CO
carbohydrates.xml	lyx	carbohydrate/carbohydrateStemAldose/á	blocked	not retained for general nomenclature	O=C[C@@H](O)[C@@H](O)[C@H](O)CO
carbohydrates.xml	all	carbohydrate/carbohydrateStemAldose/á	blocked	not retained for general nomenclature	O=C[C@H](O)[C@H](O)[C@H](O)[C@H](O)CO
carbohydrates.xml	altr	carbohydrate/carbohydrateStemAldose/á	blocked	not retained for general nomenclature	O=C[C@@H](O)[C@H](O)[C@H](O)[C@H](O)CO
carbohydrates.xml	gluc	carbohydrate/carbohydrateStemAldose/á	blocked	not retained for general nomenclature	O=C[C@H](O)[C@@H](O)[C@H](O)[C@H](O)CO
carbohydrates.xml	mann	carbohydrate/carbohydrateStemAldose/á	blocked	not retained for general nomenclature	O=C[C@@H](O)[C@@H](O)[C@H](O)[C@H](O)CO
carbohydrates.xml	gul	carbohydrate/carbohydrateStemAldose/á	blocked	not retained for general nomenclature	O=C[C@H](O)[C@H](O)[C@@H](O)[C@H](O)CO
carbohydrates.xml	id	carbohydrate/carbohydrateStemAldose/á	blocked	not retained for general nomenclature	O=C[C@@H](O)[C@H](O)[C@@H](O)[C@H](O)CO
carbohydrates.xml	galact	carbohydrate/carbohydrateStemAldose/á	blocked	not retained for general nomenclature	O=C[C@H](O)[C@@H](O)[C@@H](O)[C@H](O)CO
carbohydrates.xml	tal	carbohydrate/carbohydrateStemAldose/á	blocked	not retained for general nomenclature	O=C[C@@H](O)[C@@H](O)[C@@H](O)[C@H](O)CO
carbohydrates.xml	abequ	carbohydrate/carbohydrateStemAldose/á	blocked	not retained for general nomenclature	O=C[C@H](O)C[C@@H](O)[C@H](O)C
carbohydrates.xml	amicet	carbohydrate/carbohydrateStemAldose/á	blocked	not retained for general nomenclature	O=CCC[C@H](O)[C@H](O)C
carbohydrates.xml	ascaryl	carbohydrate/carbohydrateStemAldose/á	blocked	not retained for general nomenclature	O=C[C@H](O)C[C@@H](O)[C@@H](O)C
carbohydrates.xml	boivin	carbohydrate/carbohydrateStemAldose/á	blocked	not retained for general nomenclature	O=CC[C@H](O)[C@@H](O)[C@H](O)C
carbohydrates.xml	sarment	carbohydrate/carbohydrateStemAldose/á	blocked	not retained for general nomenclature	O=CC[C@H](OC)[C@@H](O)[C@H](O)C
carbohydrates.xml	colit	carbohydrate/carbohydrateStemAldose/á	blocked	not retained for general nomenclature	O=C[C@@H](O)C[C@H](O)[C@@H](O)C
carbohydrates.xml	digitox	carbohydrate/carbohydrateStemAldose/á	blocked	not retained for general nomenclature	O=CC[C@H](O)[C@H](O)[C@H](O)C
carbohydrates.xml	cymar	carbohydrate/carbohydrateStemAldose/á	blocked	not retained for general nomenclature	O=CC[C@H](OC)[C@H](O)[C@H](O)C
carbohydrates.xml	fuc	carbohydrate/carbohydrateStemAldose/á	blocked	not retained for general nomenclature	O=C[C@@H](O)[C@H](O)[C@H](O)[C@@H](O)C
carbohydrates.xml	digital	carbohydrate/carbohydrateStemAldose/á	blocked	not retained for general nomenclature	O=C[C@H](O)[C@@H](OC)[C@@H](O)[C@H](O)C
carbohydrates.xml	parat	carbohydrate/carbohydrateStemAldose/á	blocked	not retained for general nomenclature	O=C[C@H](O)C[C@H](O)[C@H](O)C
carbohydrates.xml	quinov	carbohydrate/carbohydrateStemAldose/á	blocked	not retained for general nomenclature	O=C[C@H](O)[C@@H](O)[C@H](O)[C@H](O)C
carbohydrates.xml	rhamn	carbohydrate/carbohydrateStemAldose/á	blocked	not retained for general nomenclature	O=C[C@H](O)[C@H](O)[C@@H](O)[C@@H](O)C
carbohydrates.xml	rhodin	carbohydrate/carbohydrateStemAldose/á	blocked	not retained for general nomenclature	O=CCC[C@H](O)[C@@H](O)C
carbohydrates.xml	tyvel	carbohydrate/carbohydrateStemAldose/á	blocked	not retained for general nomenclature	O=C[C@@H](O)C[C@H](O)[C@H](O)C
carbohydrates.xml	hamamel	carbohydrate/carbohydrateStemAldose/á	blocked	not retained for general nomenclature	O=C[C@](CO)(O)[C@H](O)[C@H](O)CO
carbohydrates.xml	cladin	carbohydrate/carbohydrateStemAldose/á	blocked	not retained for general nomenclature	O=CC[C@@](C)(OC)[C@@H](O)[C@@H](O)C
carbohydrates.xml	strept	carbohydrate/carbohydrateStemAldose/á	blocked	not retained for general nomenclature	O=C[C@H](O)[C@](C=O)(O)[C@@H](O)C
carbohydrates.xml	eval	carbohydrate/carbohydrateStemAldose/á	blocked	not retained for general nomenclature	O=C[C@@H](O)[C@@](C)(O)[C@H](O)[C@H](O)C
carbohydrates.xml	evernitr	carbohydrate/carbohydrateStemAldose/á	blocked	not retained for general nomenclature	O=CC[C@](C)([N+](=O)[O-])[C@@H](OC)[C@@H](O)C
carbohydrates.xml	api	carbohydrate/carbohydrateStemAldose/á	blocked	not retained for general nomenclature	O=C[C@H](O)C(CO)(O)CO
carbohydrates.xml	erythrul	carbohydrate/carbohydrateStemKetose/á	blocked	not retained for general nomenclature	OCC(=O)[C@H](O)CO
carbohydrates.xml	ribul	carbohydrate/carbohydrateStemKetose/á	blocked	not retained for general nomenclature	OCC(=O)[C@H](O)[C@H](O)CO
carbohydrates.xml	xylul	carbohydrate/carbohydrateStemKetose/á	blocked	not retained for general nomenclature	OCC(=O)[C@@H](O)[C@H](O)CO
carbohydrates.xml	psic	carbohydrate/carbohydrateStemKetose/á	blocked	not retained for general nomenclature	OCC(=O)[C@H](O)[C@H](O)[C@H](O)CO
carbohydrates.xml	fruct	carbohydrate/carbohydrateStemKetose/á	blocked	not retained for general nomenclature	OCC(=O)[C@@H](O)[C@H](O)[C@H](O)CO
carbohydrates.xml	sorb	carbohydrate/carbohydrateStemKetose/á	blocked	not retained for general nomenclature	OCC(=O)[C@H](O)[C@@H](O)[C@H](O)CO
carbohydrates.xml	tagat	carbohydrate/carbohydrateStemKetose/á	blocked	not retained for general nomenclature	OCC(=O)[C@@H](O)[C@@H](O)[C@H](O)CO
carbohydrates.xml	sedoheptul	carbohydrate/carbohydrateStemKetose/á	blocked	not retained for general nomenclature	OCC(=O)[C@@H](O)[C@H](O)[C@H](O)[C@H](O)CO
carbohydrates.xml	apio-alpha-d-furan|d-apio-alpha-d-furan	carbohydrate/apioFuranose/ą	blocked	not retained for general nomenclature	O[C@@H]1[C@H](O)[C@](CO)(O)CO1
carbohydrates.xml	apio-beta-d-furan|d-apio-beta-d-furan	carbohydrate/apioFuranose/ą	blocked	not retained for general nomenclature	O[C@H]1[C@H](O)[C@](CO)(O)CO1
carbohydrates.xml	apio-alpha-l-furan|d-apio-alpha-l-furan	carbohydrate/apioFuranose/ą	blocked	not retained for general nomenclature	O[C@H]1[C@H](O)[C@@](CO)(O)CO1
carbohydrates.xml	apio-beta-l-furan|d-apio-beta-l-furan	carbohydrate/apioFuranose/ą	blocked	not retained for general nomenclature	O[C@@H]1[C@H](O)[C@@](CO)(O)CO1
carbohydrates.xml	l-apio-alpha-d-furan	carbohydrate/apioFuranose/ą	blocked	not retained for general nomenclature	O[C@@H]1[C@@H](O)[C@](CO)(O)CO1
carbohydrates.xml	l-apio-beta-d-furan	carbohydrate/apioFuranose/ą	blocked	not retained for general nomenclature	O[C@H]1[C@@H](O)[C@](CO)(O)CO1
carbohydrates.xml	l-apio-alpha-l-furan	carbohydrate/apioFuranose/ą	blocked	not retained for general nomenclature	O[C@H]1[C@@H](O)[C@@](CO)(O)CO1
carbohydrates.xml	l-apio-beta-l-furan	carbohydrate/apioFuranose/ą	blocked	not retained for general nomenclature	O[C@@H]1[C@@H](O)[C@@](CO)(O)CO1
carbohydrates.xml	dithioerythritol	carbohydrate/simpleGroup/Þ	blocked	not retained for general nomenclature	SC[C@H](O)[C@H](O)CS
carbohydrates.xml	dithiothreitol	carbohydrate/simpleGroup/Þ	blocked	not retained for general nomenclature	SC[C@@H](O)[C@H](O)CS
carbohydrates.xml	sorbitol	carbohydrate/simpleGroup/Þ	blocked	not retained for general nomenclature	OC[C@H](O)[C@@H](O)[C@H](O)[C@H](O)CO
carbohydrates.xml	rhamnulose	carbohydrate/simpleGroup/Þ	blocked	not retained for general nomenclature	OCC(=O)[C@@H](O)[C@H](O)[C@@H](O)C
carbohydrates.xml	fuculose	carbohydrate/simpleGroup/Þ	blocked	not retained for general nomenclature	OCC(=O)[C@H](O)[C@H](O)[C@@H](O)C
carbohydrates.xml	glucamine|glucamin	carbohydrate/simpleGroup/Þ	blocked	not retained for general nomenclature	NC[C@H](O)[C@@H](O)[C@H](O)[C@H](O)CO
carbohydrates.xml	meglumine|meglumin	carbohydrate/simpleGroup/Þ	blocked	not retained for general nomenclature	N(C)C[C@H](O)[C@@H](O)[C@H](O)[C@H](O)CO
carbohydrates.xml	saccharic acid	carbohydrate/simpleGroup/Þ	blocked	not retained for general nomenclature	OC(=O)[C@H](O)[C@@H](O)[C@H](O)[C@H](O)C(=O)O
carbohydrates.xml	saccharate|saccharat	carbohydrate/simpleGroup/Þ	blocked	not retained for general nomenclature	[O-]C(=O)[C@H](O)[C@@H](O)[C@H](O)[C@H](O)C(=O)[O-]
carbohydrates.xml	galactal	carbohydrate/ring/Þ	blocked	not retained for general nomenclature	O1C=C[C@@H](O)[C@@H](O)[C@H]1CO
carbohydrates.xml	glucal	carbohydrate/ring/Þ	blocked	not retained for general nomenclature	O1C=C[C@@H](O)[C@H](O)[C@H]1CO
carbohydrates.xml	ascorbic acid	carbohydrate/ring/Þ	blocked	not retained for general nomenclature	O=C1C(O)=C(O)[C@H](O1)[C@@H](O)CO
carbohydrates.xml	dehydroascorbic acid	carbohydrate/ring/Þ	blocked	not retained for general nomenclature	O=C1C(=O)C(=O)[C@H](O1)[C@@H](O)CO
carbohydrates.xml	ascorbate|ascorbat	carbohydrate/ring/Þ	blocked	not retained for general nomenclature	O=C1C(O)=C([O-])[C@H](O1)[C@@H](O)CO
carbohydrates.xml	galactosamine|galactosamin	carbohydrate/ring/Þ	blocked	not retained for general nomenclature	OC1[C@H](N)[C@@H](O)[C@@H](O)[C@H](O1)CO
carbohydrates.xml	glucosamine|glucosamin	carbohydrate/ring/Þ	blocked	not retained for general nomenclature	OC1[C@H](N)[C@@H](O)[C@H](O)[C@H](O1)CO
carbohydrates.xml	mannosamine|mannosamin	carbohydrate/ring/Þ	blocked	not retained for general nomenclature	OC1[C@@H](N)[C@@H](O)[C@H](O)[C@H](O1)CO
carbohydrates.xml	fucosamine|fucosamin	carbohydrate/ring/Þ	blocked	not retained for general nomenclature	OC1[C@H](N)[C@@H](O)[C@@H](O)[C@H](O1)C
carbohydrates.xml	quinovosamine|quinovosamin	carbohydrate/ring/Þ	blocked	not retained for general nomenclature	OC1[C@H](N)[C@@H](O)[C@H](O)[C@H](O1)C
carbohydrates.xml	bacillosamine|bacillosamin	carbohydrate/ring/Þ	blocked	not retained for general nomenclature	OC1[C@H](N)[C@@H](O)[C@H](N)[C@H](O1)C
carbohydrates.xml	garosamine|garosamin	carbohydrate/ring/Þ	blocked	not retained for general nomenclature	OC1[C@H](O)[C@@H](NC)[C@@](C)(O)CO1
carbohydrates.xml	neuraminic acid	carbohydrate/ring/Þ	blocked	not retained for general nomenclature	OC(=O)C1(O)C[C@H](O)[C@@H](N)[C@@H](O1)[C@H](O)[C@H](O)CO
carbohydrates.xml	neuraminate|neuraminat	carbohydrate/ring/Þ	blocked	not retained for general nomenclature	[O-]C(=O)C1(O)C[C@H](O)[C@@H](N)[C@@H](O1)[C@H](O)[C@H](O)CO
carbohydrates.xml	neuraminamide|neuraminamid	carbohydrate/ring/Þ	blocked	not retained for general nomenclature	NC(=O)C1(O)C[C@H](O)[C@@H](N)[C@@H](O1)[C@H](O)[C@H](O)CO
carbohydrates.xml	neuraminol	carbohydrate/ring/Þ	blocked	not retained for general nomenclature	OCC1(O)C[C@H](O)[C@@H](N)[C@@H](O1)[C@H](O)[C@H](O)CO
carbohydrates.xml	muramic acid	carbohydrate/ring/Þ	blocked	not retained for general nomenclature	OC1[C@H](N)[C@@H](O[C@@H](C(=O)O)C)[C@H](O)[C@H](O1)CO
carbohydrates.xml	isomuramic acid	carbohydrate/ring/Þ	blocked	not retained for general nomenclature	OC1[C@H](N)[C@@H](O[C@H](C(=O)O)C)[C@H](O)[C@H](O1)CO
carbohydrates.xml	lactose	carbohydrate/ring/Þ	blocked	not retained for general nomenclature	OC1[C@H](O)[C@@H](O)[C@H](O[C@H]2[C@H](O)[C@@H](O)[C@@H](O)[C@H](O2)CO)[C@H](O1)CO
carbohydrates.xml	lactosamine|lactosamin	carbohydrate/ring/Þ	blocked	not retained for general nomenclature	OC1[C@H](N)[C@@H](O)[C@H](O[C@H]2[C@H](O)[C@@H](O)[C@@H](O)[C@H](O2)CO)[C@H](O1)CO
carbohydrates.xml	lactosediamine|lactosediamin	carbohydrate/ring/Þ	blocked	not retained for general nomenclature	OC1[C@H](N)[C@@H](O)[C@H](O[C@H]2[C@H](N)[C@@H](O)[C@@H](O)[C@H](O2)CO)[C@H](O1)CO
carbohydrates.xml	rutinose	carbohydrate/ring/Þ	blocked	not retained for general nomenclature	O[C@H]1[C@H](O)[C@@H](O)[C@H](O)[C@H](O1)CO[C@H]2[C@H](O)[C@H](O)[C@@H](O)[C@@H](O2)C
carbohydrates.xml	glyceraldehyde|glyceraldehyd	carbohydrate/simpleGroup/G	blocked	not retained for general nomenclature	O=CC(O)CO
carbohydrates.xml	d-glyceraldehyde|(d)-glyceraldehyde|d-glyceraldehyd|(d)-glyceraldehyd	carbohydrate/simpleGroup/G	blocked	not retained for general nomenclature	O=C[C@H](O)CO
carbohydrates.xml	l-glyceraldehyde|(l)-glyceraldehyde|l-glyceraldehyd|(l)-glyceraldehyd	carbohydrate/simpleGroup/G	blocked	not retained for general nomenclature	O=C[C@@H](O)CO
carbohydrates.xml	dextrose	carbohydrate/simpleGroup/G	blocked	not retained for general nomenclature	O=C[C@H](O)[C@@H](O)[C@H](O)[C@H](O)CO
carbohydrates.xml	galactosaminyl	carbohydrate/simpleSubstituent/ø	blocked	not retained for general nomenclature	-C1[C@H](N)[C@@H](O)[C@@H](O)[C@H](O1)CO
carbohydrates.xml	glucosaminyl	carbohydrate/simpleSubstituent/ø	blocked	not retained for general nomenclature	-C1[C@H](N)[C@@H](O)[C@H](O)[C@H](O1)CO
carbohydrates.xml	mannosaminyl	carbohydrate/simpleSubstituent/ø	blocked	not retained for general nomenclature	-C1[C@@H](N)[C@@H](O)[C@H](O)[C@H](O1)CO
carbohydrates.xml	fucosaminyl	carbohydrate/simpleSubstituent/ø	blocked	not retained for general nomenclature	-C1[C@H](N)[C@@H](O)[C@@H](O)[C@H](O1)C
carbohydrates.xml	quinovosaminyl	carbohydrate/simpleSubstituent/ø	blocked	not retained for general nomenclature	-C1[C@H](N)[C@@H](O)[C@H](O)[C@H](O1)C
carbohydrates.xml	bacillosaminyl	carbohydrate/simpleSubstituent/ø	blocked	not retained for general nomenclature	-C1[C@H](N)[C@@H](O)[C@H](N)[C@H](O1)C
carbohydrates.xml	garosaminyl	carbohydrate/simpleSubstituent/ø	blocked	not retained for general nomenclature	-C1[C@H](O)[C@@H](NC)[C@@](C)(O)CO1
carbohydrates.xml	neuraminyl|neuraminosyl	carbohydrate/simpleSubstituent/ø	blocked	not retained for general nomenclature	OC(=O)C1C[C@H](O)[C@@H](N)[C@@H](O1)[C@H](O)[C@H](O)CO
carbohydrates.xml	muramyl|muramosyl	carbohydrate/simpleSubstituent/ø	blocked	not retained for general nomenclature	-C1[C@H](N)[C@@H](O[C@@H](C(=O)O)C)[C@H](O)[C@H](O1)CO
carbohydrates.xml	isomuramyl|isomuramosyl	carbohydrate/simpleSubstituent/ø	blocked	not retained for general nomenclature	-C1[C@H](N)[C@@H](O[C@H](C(=O)O)C)[C@H](O)[C@H](O1)CO
carbohydrates.xml	lactosyl	carbohydrate/simpleSubstituent/ø	blocked	not retained for general nomenclature	-C1[C@H](O)[C@@H](O)[C@H](O[C@H]2[C@H](O)[C@@H](O)[C@@H](O)[C@H](O2)CO)[C@H](O1)CO
carbohydrates.xml	lactosaminyl	carbohydrate/simpleSubstituent/ø	blocked	not retained for general nomenclature	-C1[C@H](N)[C@@H](O)[C@H](O[C@H]2[C@H](O)[C@@H](O)[C@@H](O)[C@H](O2)CO)[C@H](O1)CO
carbohydrates.xml	lactosediaminyl	carbohydrate/simpleSubstituent/ø	blocked	not retained for general nomenclature	-C1[C@H](N)[C@@H](O)[C@H](O[C@H]2[C@H](N)[C@@H](O)[C@@H](O)[C@H](O2)CO)[C@H](O1)CO
carbohydrates.xml	rutinosyl	carbohydrate/simpleSubstituent/ø	blocked	not retained for general nomenclature	-[C@H]1[C@H](O)[C@@H](O)[C@H](O)[C@H](O1)CO[C@H]2[C@H](O)[C@H](O)[C@@H](O)[C@@H](O2)C
carboxylicAcids.xml	form	acidStem/ylForAcyl/d	allowed	P-65.1.1.1 retained acids (PIN)	C
carboxylicAcids.xml	acet	acidStem/ylForAcyl/d	allowed	P-65.1.1.1 retained acids (PIN)	CC
carboxylicAcids.xml	propion|propi	acidStem/ylForAcyl/d	allowed	P-65.1.1.2 retained acids (general nomenclature)	CCC
carboxylicAcids.xml	butyr	acidStem/ylForAcyl/d	allowed	P-65.1.1.2 retained acids (general nomenclature)	CCCC
carboxylicAcids.xml	isobutyr	acidStem/ylForAcyl/d	blocked	not retained for general nomenclature	CC(C)C
carboxylicAcids.xml	valer	acidStem/ylForAcyl/d	blocked	not retained for general nomenclature	CCCCC
carboxylicAcids.xml	isovaler	acidStem/ylForAcyl/d	blocked	not retained for general nomenclature	CCC(C)C
carboxylicAcids.xml	oxal	acidStem/ylForAcyl/d	allowed	P-65.1.1.1 retained acids (PIN)	CC
carboxylicAcids.xml	malon	acidStem/ylForAcyl/d	allowed	P-65.1.1.2 retained acids (general nomenclature)	CCC
carboxylicAcids.xml	succin	acidStem/ylForAcyl/d	allowed	P-65.1.1.2 retained acids (general nomenclature)	CCCC
carboxylicAcids.xml	glutar	acidStem/ylForAcyl/d	allowed	P-65.1.1.2 retained acids (general nomenclature)	CCCCC
carboxylicAcids.xml	acetoacet	acidStem/ylForAcyl/d	blocked	not retained for general nomenclature	CCC(=O)C
carboxylicAcids.xml	atrolact	acidStem/ylForAcyl/d	blocked	not retained for general nomenclature	CC(O)(C)c1ccccc1
carboxylicAcids.xml	biotin|d-biotin	acidStem/ylForAcyl/d	blocked	not retained for general nomenclature	CCCCC[C@@H]1SC[C@@H]2NC(=O)N[C@H]12
carboxylicAcids.xml	caprin	acidStem/ylForAcyl/d	blocked	not retained for general nomenclature	CCCCCCCCCC
carboxylicAcids.xml	capro	acidStem/ylForAcyl/d	blocked	not retained for general nomenclature	CCCCCC
carboxylicAcids.xml	capryl	acidStem/ylForAcyl/d	blocked	not retained for general nomenclature	CCCCCCCC
carboxylicAcids.xml	enanth	acidStem/ylForAcyl/d	blocked	not retained for general nomenclature	CCCCCCC
carboxylicAcids.xml	fol	acidStem/ylForAcyl/d	blocked	not retained for general nomenclature	CCC[C@@H](C(=O)O)NC(=O)c1ccc(NCc2cnc3nc(N)[nH]c(=O)c3n2)cc1
carboxylicAcids.xml	dihydrofol|7,8-dihydrofol	acidStem/ylForAcyl/d	blocked	not retained for general nomenclature	CCC[C@@H](C(=O)O)NC(=O)c1ccc(NCc2CNc3nc(N)[nH]c(=O)c3n2)cc1
carboxylicAcids.xml	tetrahydrofol|5,6,7,8-tetrahydrofol	acidStem/ylForAcyl/d	blocked	not retained for general nomenclature	CCC[C@@H](C(=O)O)NC(=O)c1ccc(NCC2CNc3nc(N)[nH]c(=O)c3N2)cc1
carboxylicAcids.xml	5,10-methenyl-5,6,7,8-tetrahydrofol|5,10-methenyltetrahydrofol|5,10-methenyl-tetrahydrofol	acidStem/ylForAcyl/d	blocked	not retained for general nomenclature	CCC[C@@H](C(=O)O)NC(=O)c1ccc(N(C=4)CC2CNc3nc(N)[nH]c(=O)c3[N+]42)cc1
carboxylicAcids.xml	isocapro	acidStem/ylForAcyl/d	blocked	not retained for general nomenclature	CCCC(C)C
carboxylicAcids.xml	isosuccin	acidStem/ylForAcyl/d	blocked	not retained for general nomenclature	CC(C)C
carboxylicAcids.xml	lact|dl-lact	acidStem/ylForAcyl/d	allowed	P-65.1.1.2 retained acids (general nomenclature)	CC(O)C
carboxylicAcids.xml	l-lact|l(+)-lact|l-(+)-lact	acidStem/ylForAcyl/d	allowed	P-65.1.1.2 retained acids (general nomenclature)	C[C@@H](O)C
carboxylicAcids.xml	d-lact|d(-)-lact|d-(-)-lact	acidStem/ylForAcyl/d	allowed	P-65.1.1.2 retained acids (general nomenclature)	C[C@H](O)C
carboxylicAcids.xml	mesoxal	acidStem/ylForAcyl/d	blocked	not retained for general nomenclature	CC(=O)C
carboxylicAcids.xml	naphthion	acidStem/ylForAcyl/d	blocked	not retained for general nomenclature	S(=O)c1ccc(N)c2ccccc12
carboxylicAcids.xml	orot	acidStem/ylForAcyl/d	blocked	not retained for general nomenclature	Cc1cc(=O)[nH]c(=O)[nH]1
carboxylicAcids.xml	oxalacet	acidStem/ylForAcyl/d	blocked	not retained for general nomenclature	CCC(=O)C
carboxylicAcids.xml	pelargon|pelarg	acidStem/ylForAcyl/d	blocked	not retained for general nomenclature	CCCCCCCCC
carboxylicAcids.xml	dimercaptosuccin	acidStem/ylForAcyl/d	blocked	not retained for general nomenclature	CC(S)C(S)C
carboxylicAcids.xml	tetrol	acidStem/ylForAcyl/d	blocked	not retained for general nomenclature	CC#CC
carboxylicAcids.xml	pival	acidStem/ylForAcyl/d	blocked	not retained for general nomenclature	CC(C)(C)C
carboxylicAcids.xml	adip	acidStem/ylForAcyl/d	allowed	P-65.1.1.2 retained acids (general nomenclature)	CCCCCC
carboxylicAcids.xml	pimel	acidStem/ylForAcyl/d	blocked	not retained for general nomenclature	CCCCCCC
carboxylicAcids.xml	suber	acidStem/ylForAcyl/d	blocked	not retained for general nomenclature	CCCCCCCC
carboxylicAcids.xml	azela|azel	acidStem/ylForAcyl/d	blocked	not retained for general nomenclature	CCCCCCCCC
carboxylicAcids.xml	sebac	acidStem/ylForAcyl/d	blocked	not retained for general nomenclature	CCCCCCCCCC
carboxylicAcids.xml	acryl	acidStem/ylForAcyl/d	allowed	P-65.1.1.2 retained acids (general nomenclature)	CC=C
carboxylicAcids.xml	methacryl	acidStem/ylForAcyl/d	allowed	P-65.1.1.2 retained acids (general nomenclature)	CC(=C)C
carboxylicAcids.xml	croton	acidStem/ylForAcyl/d	blocked	not retained for general nomenclature	C/C=C/C
carboxylicAcids.xml	isocroton	acidStem/ylForAcyl/d	blocked	not retained for general nomenclature	C\C=C/C
carboxylicAcids.xml	male	acidStem/ylForAcyl/d	allowed	P-65.1.1.2 retained acids (general nomenclature)	C/C=C\C
carboxylicAcids.xml	fumar	acidStem/ylForAcyl/d	allowed	P-65.1.1.2 retained acids (general nomenclature)	C\C=C\C
carboxylicAcids.xml	citracon	acidStem/ylForAcyl/d	blocked	not retained for general nomenclature	C/C(C)=C\C
carboxylicAcids.xml	mesacon	acidStem/ylForAcyl/d	blocked	not retained for general nomenclature	C\C(C)=C\C
carboxylicAcids.xml	camphor	acidStem/ylForAcyl/d	blocked	not retained for general nomenclature	CC1(C)C(C)(C)C(C)CC1
carboxylicAcids.xml	acetur	acidStem/ylForAcyl/d	blocked	not retained for general nomenclature	CCNC(=O)C
carboxylicAcids.xml	allophan	acidStem/ylForAcyl/d	blocked	not retained for general nomenclature	CNC(=O)N
carboxylicAcids.xml	alpha-isoduryl	acidStem/ylForAcyl/d	blocked	not retained for general nomenclature	Cc1cc(C)c(C)c(C)c1
carboxylicAcids.xml	angel	acidStem/ylForAcyl/d	blocked	not retained for general nomenclature	C/C(C)=C\C
carboxylicAcids.xml	benzil	acidStem/ylForAcyl/d	blocked	not retained for general nomenclature	CC(O)(c1ccccc1)c1ccccc1
carboxylicAcids.xml	beta-isoduryl	acidStem/ylForAcyl/d	blocked	not retained for general nomenclature	Cc1c(C)cc(C)cc1(C)
carboxylicAcids.xml	bicarbam	acidStem/ylForAcyl/d	blocked	not retained for general nomenclature	CNNC
carboxylicAcids.xml	brassyl	acidStem/ylForAcyl/d	blocked	not retained for general nomenclature	CCCCCCCCCCCCC
carboxylicAcids.xml	citramal	acidStem/ylForAcyl/d	blocked	not retained for general nomenclature	CCC(C)(O)C
carboxylicAcids.xml	cresot	acidStem/ylForAcyl/d	blocked	not retained for general nomenclature	c1ccccc1
carboxylicAcids.xml	o-cresot|ortho-cresot|o-cresotin|ortho-cresotin	acidStem/ylForAcyl/d	blocked	not retained for general nomenclature	c1c(O)c(C)ccc1
carboxylicAcids.xml	m-cresot|meta-cresot|m-cresotin|meta-cresotin	acidStem/ylForAcyl/d	blocked	not retained for general nomenclature	c1c(O)cc(C)cc1
carboxylicAcids.xml	p-cresot|para-cresot|p-cresotin|para-cresotin	acidStem/ylForAcyl/d	blocked	not retained for general nomenclature	c1c(O)ccc(C)c1
carboxylicAcids.xml	gamma-isoduryl	acidStem/ylForAcyl/d	blocked	not retained for general nomenclature	Cc1c(C)c(C)cc(C)c1
carboxylicAcids.xml	glutacon	acidStem/ylForAcyl/d	blocked	not retained for general nomenclature	CC=CCC
carboxylicAcids.xml	glycol	acidStem/ylForAcyl/d	blocked	not retained for general nomenclature	CCO
carboxylicAcids.xml	diglycol	acidStem/ylForAcyl/d	blocked	not retained for general nomenclature	CCOCC
carboxylicAcids.xml	glyoxyl|glyoxal	acidStem/ylForAcyl/d	blocked	not retained for general nomenclature	CC=O
carboxylicAcids.xml	hippur	acidStem/ylForAcyl/d	blocked	not retained for general nomenclature	CCNC(=O)c1ccccc1
carboxylicAcids.xml	homolevulin	acidStem/ylForAcyl/d	blocked	not retained for general nomenclature	CCCC(=O)CC
carboxylicAcids.xml	hydracryl	acidStem/ylForAcyl/d	blocked	not retained for general nomenclature	CCCO
carboxylicAcids.xml	isonipecot	acidStem/ylForAcyl/d	blocked	not retained for general nomenclature	N1CCC(C)CC1
carboxylicAcids.xml	isocinchomeron	acidStem/ylForAcyl/d	blocked	not retained for general nomenclature	n1c(C)ccc(C)c1
carboxylicAcids.xml	itacon	acidStem/ylForAcyl/d	blocked	not retained for general nomenclature	CC(=C)CC
carboxylicAcids.xml	levulin	acidStem/ylForAcyl/d	blocked	not retained for general nomenclature	CCCC(=O)C
carboxylicAcids.xml	mal|dl-mal	acidStem/ylForAcyl/d	blocked	not retained for general nomenclature	CC(O)CC
carboxylicAcids.xml	l-mal|l(+)-mal|l-(+)-mal	acidStem/ylForAcyl/d	blocked	not retained for general nomenclature	C[C@@H](O)CC
carboxylicAcids.xml	d-mal|d(-)-mal|d-(-)-mal	acidStem/ylForAcyl/d	blocked	not retained for general nomenclature	C[C@H](O)CC
carboxylicAcids.xml	malein	acidStem/ylForAcyl/d	blocked	not retained for general nomenclature	C/C=C\C
carboxylicAcids.xml	mandel|dl-mandel	acidStem/ylForAcyl/d	blocked	not retained for general nomenclature	CC(O)c1ccccc1
carboxylicAcids.xml	l-mandel|l(+)-mandel|l-(+)-mandel	acidStem/ylForAcyl/d	blocked	not retained for general nomenclature	C[C@@H](O)c1ccccc1
carboxylicAcids.xml	d-mandel|d(-)-mandel|d-(-)-mandel	acidStem/ylForAcyl/d	blocked	not retained for general nomenclature	C[C@H](O)c1ccccc1
carboxylicAcids.xml	thiomal	acidStem/ylForAcyl/d	blocked	not retained for general nomenclature	CC(S)CC
carboxylicAcids.xml	mucon	acidStem/ylForAcyl/d	blocked	not retained for general nomenclature	C/C=C/C=C/C
carboxylicAcids.xml	nipecot	acidStem/ylForAcyl/d	blocked	not retained for general nomenclature	N1CC(C)CCC1
carboxylicAcids.xml	orsellin|o-orsellin|ortho-orsellin	acidStem/ylForAcyl/d	blocked	not retained for general nomenclature	Cc1c(O)cc(O)cc1C
carboxylicAcids.xml	p-orsellin|para-orsellin	acidStem/ylForAcyl/d	blocked	not retained for general nomenclature	Cc1c(O)cc(C)cc1O
carboxylicAcids.xml	oxanil	acidStem/ylForAcyl/d	blocked	not retained for general nomenclature	CC(=O)Nc1ccccc1
carboxylicAcids.xml	d-pipecolin|d(+)-pipecolin|d-(+)-pipecolin|d-pipecol|d(+)-pipecol|d-(+)-pipecol	acidStem/ylForAcyl/d	blocked	not retained for general nomenclature	N1[C@H](CCCC1)C
carboxylicAcids.xml	l-pipecolin|l(-)-pipecolin|l-(-)-pipecolin|l-pipecol|l(-)-pipecol|l-(-)-pipecol	acidStem/ylForAcyl/d	blocked	not retained for general nomenclature	N1[C@@H](CCCC1)C
carboxylicAcids.xml	pipecolin|pipecol	acidStem/ylForAcyl/d	blocked	not retained for general nomenclature	N1C(CCCC1)C
carboxylicAcids.xml	pyruv	acidStem/ylForAcyl/d	allowed	P-65.1.1.2 retained acids (general nomenclature)	CC(=O)C
carboxylicAcids.xml	sulfanil	acidStem/ylForAcyl/d	blocked	not retained for general nomenclature	S(=O)c1ccccc1
carboxylicAcids.xml	thioglycol	acidStem/ylForAcyl/d	blocked	not retained for general nomenclature	CCS
carboxylicAcids.xml	alpha-resorcyl	acidStem/ylForAcyl/d	blocked	not retained for general nomenclature	Cc1cc(O)cc(O)c1
carboxylicAcids.xml	beta-resorcyl	acidStem/ylForAcyl/d	blocked	not retained for general nomenclature	Cc1c(O)cc(O)cc1
carboxylicAcids.xml	gamma-resorcyl	acidStem/ylForAcyl/d	blocked	not retained for general nomenclature	Cc1c(O)cccc1O
carboxylicAcids.xml	trimellit	acidStem/ylForAcyl/d	blocked	not retained for general nomenclature	Cc1c(C)cc(C)cc1
carboxylicAcids.xml	trimes	acidStem/ylForAcyl/d	blocked	not retained for general nomenclature	Cc1cc(C)cc(C)c1
carboxylicAcids.xml	laur	acidStem/ylForYl/d	blocked	not retained for general nomenclature	CCCCCCCCCCCC
carboxylicAcids.xml	myrist	acidStem/ylForYl/d	blocked	not retained for general nomenclature	CCCCCCCCCCCCCC
carboxylicAcids.xml	palmit	acidStem/ylForYl/d	allowed	P-65.1.1.2 retained acids (general nomenclature)	CCCCCCCCCCCCCCCC
carboxylicAcids.xml	stear	acidStem/ylForYl/d	allowed	P-65.1.1.2 retained acids (general nomenclature)	CCCCCCCCCCCCCCCCCC
carboxylicAcids.xml	ole	acidStem/ylForYl/d	allowed	P-65.1.1.2 retained acids (general nomenclature)	CCCCCCCC/C=C\CCCCCCCC
carboxylicAcids.xml	elaid	acidStem/ylForYl/d	blocked	not retained for general nomenclature	CCCCCCCC\C=C\CCCCCCCC
carboxylicAcids.xml	benz	acidStem/ylForYl/d	allowed	P-65.1.1.1 retained acids (PIN)	Cc1ccccc1
carboxylicAcids.xml	hydratrop	acidStem/ylForYl/d	blocked	not retained for general nomenclature	CC(C)c1ccccc1
carboxylicAcids.xml	atrop	acidStem/ylForYl/d	blocked	not retained for general nomenclature	CC(=C)c1ccccc1
carboxylicAcids.xml	cinnam	acidStem/ylForYl/d	allowed	P-65.1.1.2 retained acids (general nomenclature)	CC=Cc1ccccc1
carboxylicAcids.xml	nicotin	acidStem/ylForYl/d	allowed	P-65.1.1.2 retained acids (general nomenclature)	Cc1cnccc1
carboxylicAcids.xml	isonicotin	acidStem/ylForYl/d	allowed	P-65.1.1.2 retained acids (general nomenclature)	Cc1ccncc1
carboxylicAcids.xml	then	acidStem/ylForYl/d	blocked	not retained for general nomenclature	c1cccs1
carboxylicAcids.xml	anis	acidStem/ylForYl/d	blocked	not retained for general nomenclature	Cc1ccccc1
carboxylicAcids.xml	arachid|arachidyl|arach	acidStem/ylForYl/d	blocked	not retained for general nomenclature	CCCCCCCCCCCCCCCCCCCC
carboxylicAcids.xml	arachidon	acidStem/ylForYl/d	blocked	not retained for general nomenclature	CCCC/C=C\C/C=C\C/C=C\C/C=C\CCCCC
carboxylicAcids.xml	behen	acidStem/ylForYl/d	blocked	not retained for general nomenclature	CCCCCCCCCCCCCCCCCCCCCC
carboxylicAcids.xml	behenol	acidStem/ylForYl/d	blocked	not retained for general nomenclature	CCCCCCCCCCCCC#CCCCCCCCC
carboxylicAcids.xml	brassid	acidStem/ylForYl/d	blocked	not retained for general nomenclature	CCCCCCCCCCCC/C=C/CCCCCCCC
carboxylicAcids.xml	caffe	acidStem/ylForYl/d	blocked	not retained for general nomenclature	C/C=C/c1cc(O)c(O)cc1
carboxylicAcids.xml	cerebron	acidStem/ylForYl/d	blocked	not retained for general nomenclature	CC(O)CCCCCCC=CCCCCCCCCCCCCCC
carboxylicAcids.xml	ceromeliss	acidStem/ylForYl/d	blocked	not retained for general nomenclature	CCCCCCCCCCCCCCCCCCCCCCCCCCCCCCCCC
carboxylicAcids.xml	ceroplast	acidStem/ylForYl/d	blocked	not retained for general nomenclature	CCCCCCCCCCCCCCCCCCCCCCCCCCCCCCCCCCC
carboxylicAcids.xml	cerot	acidStem/ylForYl/d	blocked	not retained for general nomenclature	CCCCCCCCCCCCCCCCCCCCCCCCCC
carboxylicAcids.xml	citronell	acidStem/ylForYl/d	blocked	not retained for general nomenclature	CCC(C)CCC=C(C)C
carboxylicAcids.xml	coumar	acidStem/ylForYl/d	blocked	not retained for general nomenclature	C/C=C/c1ccccc1
carboxylicAcids.xml	conifer	acidStem/ylForYl/d	blocked	not retained for general nomenclature	C/C=C/c1cc(OC)c(O)cc1
carboxylicAcids.xml	clupanodon	acidStem/ylForYl/d	blocked	not retained for general nomenclature	CCCCCC/C=C\C/C=C\C/C=C\C/C=C\C/C=C\CC
carboxylicAcids.xml	eleostear	acidStem/ylForYl/d	blocked	not retained for general nomenclature	CCCCCCCCC=CC=CC=CCCCC
carboxylicAcids.xml	alpha-eleostear	acidStem/ylForYl/d	blocked	not retained for general nomenclature	CCCCCCCC/C=C\C=C\C=C\CCCC
carboxylicAcids.xml	beta-eleostear	acidStem/ylForYl/d	blocked	not retained for general nomenclature	CCCCCCCC/C=C/C=C/C=C/CCCC
carboxylicAcids.xml	eruc	acidStem/ylForYl/d	blocked	not retained for general nomenclature	CCCCCCCCCCCC/C=C\CCCCCCCC
carboxylicAcids.xml	ferul	acidStem/ylForYl/d	blocked	not retained for general nomenclature	C/C=C/c1cc(OC)c(O)cc1
carboxylicAcids.xml	farnes	acidStem/ylForYl/d	blocked	not retained for general nomenclature	CC=C(C)CCC=C(C)CCC=C(C)C
carboxylicAcids.xml	gadole	acidStem/ylForYl/d	blocked	not retained for general nomenclature	CCCCCCCC/C=C\CCCCCCCCCC
carboxylicAcids.xml	gedd	acidStem/ylForYl/d	blocked	not retained for general nomenclature	CCCCCCCCCCCCCCCCCCCCCCCCCCCCCCCCCC
carboxylicAcids.xml	gentis	acidStem/ylForYl/d	blocked	not retained for general nomenclature	Cc1c(O)ccc(O)c1
carboxylicAcids.xml	geran	acidStem/ylForYl/d	blocked	not retained for general nomenclature	C/C=C(C)/CC/C=C(C)\C
carboxylicAcids.xml	ghedd	acidStem/ylForYl/d	blocked	not retained for general nomenclature	CCCCCCCCCCCCCCCCCCCCCCCCCCCCCCCCCC
carboxylicAcids.xml	glycer	acidStem/ylForYl/d	allowed	P-65.1.1.2 retained acids (general nomenclature)	CC(O)CO
carboxylicAcids.xml	glycid	acidStem/ylForYl/d	blocked	not retained for general nomenclature	CC1CO1
carboxylicAcids.xml	gondo	acidStem/ylForYl/d	blocked	not retained for general nomenclature	CCCCCCCCCC/C=C\CCCCCCCC
carboxylicAcids.xml	homoanis	acidStem/ylForYl/d	blocked	not retained for general nomenclature	CCc1ccc(OC)cc1
carboxylicAcids.xml	homogentis	acidStem/ylForYl/d	blocked	not retained for general nomenclature	CCc1c(O)ccc(O)c1
carboxylicAcids.xml	homoisovanill	acidStem/ylForYl/d	blocked	not retained for general nomenclature	CCc1cc(O)c(OC)cc1
carboxylicAcids.xml	homoprotocatechu	acidStem/ylForYl/d	blocked	not retained for general nomenclature	CCc1cc(O)c(O)cc1
carboxylicAcids.xml	homovanill	acidStem/ylForYl/d	blocked	not retained for general nomenclature	CCc1cc(OC)c(O)cc1
carboxylicAcids.xml	homoveratr	acidStem/ylForYl/d	blocked	not retained for general nomenclature	CCc1cc(OC)c(OC)cc1
carboxylicAcids.xml	hydrocaffe	acidStem/ylForYl/d	blocked	not retained for general nomenclature	CCCc1cc(O)c(O)cc1
carboxylicAcids.xml	hydrocinnam	acidStem/ylForYl/d	blocked	not retained for general nomenclature	CCCc1ccccc1
carboxylicAcids.xml	hydroferul	acidStem/ylForYl/d	blocked	not retained for general nomenclature	CCCc1cc(OC)c(O)cc1
carboxylicAcids.xml	hydroisoferul	acidStem/ylForYl/d	blocked	not retained for general nomenclature	CCCc1cc(O)c(OC)cc1
carboxylicAcids.xml	dihydrocaffe	acidStem/ylForYl/d	blocked	not retained for general nomenclature	CCCc1cc(O)c(O)cc1
carboxylicAcids.xml	dihydrocinnam	acidStem/ylForYl/d	blocked	not retained for general nomenclature	CCCc1ccccc1
carboxylicAcids.xml	dihydroferul	acidStem/ylForYl/d	blocked	not retained for general nomenclature	CCCc1cc(OC)c(O)cc1
carboxylicAcids.xml	dihydroisoferul	acidStem/ylForYl/d	blocked	not retained for general nomenclature	CCCc1cc(O)c(OC)cc1
carboxylicAcids.xml	isoferul|iso-ferul	acidStem/ylForYl/d	blocked	not retained for general nomenclature	C/C=C/c1cc(O)c(OC)cc1
carboxylicAcids.xml	isostear|iso-stear	acidStem/ylForYl/d	blocked	not retained for general nomenclature	CCCCCCCCCCCCCCCC(C)C
carboxylicAcids.xml	isovanill|iso-vanill	acidStem/ylForYl/d	blocked	not retained for general nomenclature	Cc1cc(O)c(OC)cc1
carboxylicAcids.xml	laccer	acidStem/ylForYl/d	blocked	not retained for general nomenclature	CCCCCCCCCCCCCCCCCCCCCCCCCCCCCCCC
carboxylicAcids.xml	lignocer	acidStem/ylForYl/d	blocked	not retained for general nomenclature	CCCCCCCCCCCCCCCCCCCCCCCC
carboxylicAcids.xml	linole	acidStem/ylForYl/d	blocked	not retained for general nomenclature	CCCCCCCC\C=C/C\C=C/CCCCC
carboxylicAcids.xml	(9,12,15)-linolen|alpha-linolen	acidStem/ylForYl/d	blocked	not retained for general nomenclature	CCCCCCCC\C=C/C\C=C/C\C=C/CC
carboxylicAcids.xml	(6,9,12)-linolen|gamma-linolen	acidStem/ylForYl/d	blocked	not retained for general nomenclature	CCCCC\C=C/C\C=C/C\C=C/CCCCC
carboxylicAcids.xml	nervon	acidStem/ylForYl/d	blocked	not retained for general nomenclature	CCCCCCCCCCCCCC/C=C\CCCCCCCC
carboxylicAcids.xml	margar	acidStem/ylForYl/d	blocked	not retained for general nomenclature	CCCCCCCCCCCCCCCCC
carboxylicAcids.xml	meliss	acidStem/ylForYl/d	blocked	not retained for general nomenclature	CCCCCCCCCCCCCCCCCCCCCCCCCCCCCC
carboxylicAcids.xml	montan	acidStem/ylForYl/d	blocked	not retained for general nomenclature	CCCCCCCCCCCCCCCCCCCCCCCCCCCC
carboxylicAcids.xml	myristole	acidStem/ylForYl/d	blocked	not retained for general nomenclature	CCCCCCCC\C=C/CCCC
carboxylicAcids.xml	ner	acidStem/ylForYl/d	blocked	not retained for general nomenclature	C\C=C(C)/CCC=C(C)C
carboxylicAcids.xml	o-veratr|orthoveratr|ortho-veratr	acidStem/ylForYl/d	blocked	not retained for general nomenclature	Cc1c(OC)c(OC)ccc1
carboxylicAcids.xml	o-homoveratr|orthohomoveratr|ortho-homoveratr	acidStem/ylForYl/d	blocked	not retained for general nomenclature	CCc1c(OC)c(OC)ccc1
carboxylicAcids.xml	palmitole	acidStem/ylForYl/d	blocked	not retained for general nomenclature	CCCCCCCC\C=C/CCCCCC
carboxylicAcids.xml	penicillan	acidStem/ylForYl/d	blocked	not retained for general nomenclature	S1C(C)(C)[C@H](C)N2[C@H]1CC2=O
carboxylicAcids.xml	6-aminopenicillan	acidStem/ylForYl/d	blocked	not retained for general nomenclature	S1C(C)(C)[C@H](C)N2[C@H]1[C@H](N)C2=O
carboxylicAcids.xml	petroselin|petrosel	acidStem/ylForYl/d	blocked	not retained for general nomenclature	CCCCC\C=C/CCCCCCCCCCC
carboxylicAcids.xml	picol	acidStem/ylForYl/d	blocked	not retained for general nomenclature	[nH]1ccccc1
carboxylicAcids.xml	protocatechu	acidStem/ylForYl/d	blocked	not retained for general nomenclature	Cc1cc(O)c(O)cc1
carboxylicAcids.xml	psyll	acidStem/ylForYl/d	blocked	not retained for general nomenclature	CCCCCCCCCCCCCCCCCCCCCCCCCCCCCCCCC
carboxylicAcids.xml	punic	acidStem/ylForYl/d	blocked	not retained for general nomenclature	CCCCCCCC/C=C\C=C\C=C/CCCC
carboxylicAcids.xml	ricinole	acidStem/ylForYl/d	blocked	not retained for general nomenclature	CCCCCCCC\C=C/C[C@H](O)CCCCCC
carboxylicAcids.xml	ricinelaid	acidStem/ylForYl/d	blocked	not retained for general nomenclature	CCCCCCCC\C=C\C[C@H](O)CCCCCC
carboxylicAcids.xml	sinap	acidStem/ylForYl/d	blocked	not retained for general nomenclature	C/C=C/c1cc(OC)c(O)c(OC)c1
carboxylicAcids.xml	sorb	acidStem/ylForYl/d	blocked	not retained for general nomenclature	C/C=C/C=C/C
carboxylicAcids.xml	syring	acidStem/ylForYl/d	blocked	not retained for general nomenclature	Cc1cc(OC)c(O)c(OC)c1
carboxylicAcids.xml	undecylen	acidStem/ylForYl/d	blocked	not retained for general nomenclature	CCCCCCCCCC=C
carboxylicAcids.xml	vaccen	acidStem/ylForYl/d	blocked	not retained for general nomenclature	CCCCCCCCCC/C=C/CCCCCC
carboxylicAcids.xml	vanill	acidStem/ylForYl/d	blocked	not retained for general nomenclature	Cc1cc(OC)c(O)cc1
carboxylicAcids.xml	veratr	acidStem/ylForYl/d	blocked	not retained for general nomenclature	Cc1cc(OC)c(OC)cc1
carboxylicAcids.xml	xyl	acidStem/ylForYl/d	blocked	not retained for general nomenclature	c1ccccc1
carboxylicAcids.xml	propiol	acidStem/ylForNothing/d	blocked	not retained for general nomenclature	CC#C
carboxylicAcids.xml	phthal	acidStem/ylForNothing/d	allowed	P-65.1.1.2 retained acids (general nomenclature)	Cc1c(C)cccc1
carboxylicAcids.xml	isophthal	acidStem/ylForNothing/d	allowed	P-65.1.1.2 retained acids (general nomenclature)	Cc1cc(C)ccc1
carboxylicAcids.xml	terephthal	acidStem/ylForNothing/d	allowed	P-65.1.1.2 retained acids (general nomenclature)	Cc1ccc(C)cc1
carboxylicAcids.xml	anthranil	acidStem/ylForNothing/d	blocked	not retained for general nomenclature	Cc1c(N)cccc1
carboxylicAcids.xml	aconit	acidStem/ylForNothing/d	blocked	not retained for general nomenclature	CC=C(C)CC
carboxylicAcids.xml	allant	acidStem/ylForNothing/d	blocked	not retained for general nomenclature	CC(NC(=O)N)NC(=O)N
carboxylicAcids.xml	asaron	acidStem/ylForNothing/d	blocked	not retained for general nomenclature	Cc1c(OC)cc(OC)c(OC)c1
carboxylicAcids.xml	asclepin	acidStem/ylForNothing/d	blocked	not retained for general nomenclature	CCCCCCCCCC\C=C/CCCCCC
carboxylicAcids.xml	carbaz	acidStem/ylForNothing/d	blocked	not retained for general nomenclature	CNN
carboxylicAcids.xml	cinchonin	acidStem/ylForNothing/d	blocked	not retained for general nomenclature	n1ccc(C)c2ccccc12
carboxylicAcids.xml	citr	acidStem/ylForNothing/d	allowed	P-65.1.1.2 retained acids (general nomenclature)	CCC(O)(C)CC
carboxylicAcids.xml	duryl	acidStem/ylForNothing/d	blocked	not retained for general nomenclature	Cc1c(C)cc(C)c(C)c1
carboxylicAcids.xml	edet	acidStem/ylForNothing/d	allowed	P-65.1.1.2 retained acids (general nomenclature) (ethylenediaminetetraacetic acid)	C(N(CC)CC)CN(CC)CC
carboxylicAcids.xml	gall	acidStem/ylForNothing/d	blocked	not retained for general nomenclature	Cc1cc(O)c(O)c(O)c1
carboxylicAcids.xml	hemellit	acidStem/ylForNothing/d	blocked	not retained for general nomenclature	c1c(C)c(C)ccc1
carboxylicAcids.xml	hemimellit	acidStem/ylForNothing/d	blocked	not retained for general nomenclature	Cc1c(C)c(C)ccc1
carboxylicAcids.xml	henatriacontyl	acidStem/ylForNothing/d	blocked	not retained for general nomenclature	CCCCCCCCCCCCCCCCCCCCCCCCCCCCCCC
carboxylicAcids.xml	heneicosyl	acidStem/ylForNothing/d	blocked	not retained for general nomenclature	CCCCCCCCCCCCCCCCCCCCC
carboxylicAcids.xml	heptacosyl	acidStem/ylForNothing/d	blocked	not retained for general nomenclature	CCCCCCCCCCCCCCCCCCCCCCCCCCC
carboxylicAcids.xml	heptadecyl	acidStem/ylForNothing/d	blocked	not retained for general nomenclature	CCCCCCCCCCCCCCCCC
carboxylicAcids.xml	hexatriacontyl	acidStem/ylForNothing/d	blocked	not retained for general nomenclature	CCCCCCCCCCCCCCCCCCCCCCCCCCCCCCCCCCCC
carboxylicAcids.xml	homophthal	acidStem/ylForNothing/d	blocked	not retained for general nomenclature	CCc1c(C)cccc1
carboxylicAcids.xml	homoisophthal	acidStem/ylForNothing/d	blocked	not retained for general nomenclature	CCc1cc(C)ccc1
carboxylicAcids.xml	homoterephthal	acidStem/ylForNothing/d	blocked	not retained for general nomenclature	CCc1ccc(C)cc1
carboxylicAcids.xml	hydant	acidStem/ylForNothing/d	blocked	not retained for general nomenclature	CCNC(=O)N
carboxylicAcids.xml	hydrangel	acidStem/ylForNothing/d	blocked	not retained for general nomenclature	CC(C)CC
carboxylicAcids.xml	isocitr	acidStem/ylForNothing/d	blocked	not retained for general nomenclature	CC(O)C(C)CC
carboxylicAcids.xml	isophthalon	acidStem/ylForNothing/d	blocked	not retained for general nomenclature	CC(=O)c1cc(C)ccc1
carboxylicAcids.xml	itamal	acidStem/ylForNothing/d	blocked	not retained for general nomenclature	CC(CO)CC
carboxylicAcids.xml	itatartar	acidStem/ylForNothing/d	blocked	not retained for general nomenclature	CC(CO)(O)CC
carboxylicAcids.xml	lutidin	acidStem/ylForNothing/d	blocked	not retained for general nomenclature	n1ccccc1
carboxylicAcids.xml	m-hemipin	acidStem/ylForNothing/d	blocked	not retained for general nomenclature	Cc1c(C)cc(OC)c(OC)c1
carboxylicAcids.xml	metahemipin	acidStem/ylForNothing/d	blocked	not retained for general nomenclature	Cc1c(C)cc(OC)c(OC)c1
carboxylicAcids.xml	meta-hemipin	acidStem/ylForNothing/d	blocked	not retained for general nomenclature	Cc1c(C)cc(OC)c(OC)c1
carboxylicAcids.xml	m-homosalicyl	acidStem/ylForNothing/d	blocked	not retained for general nomenclature	c1c(O)cc(C)cc1
carboxylicAcids.xml	meta-homosalicyl	acidStem/ylForNothing/d	blocked	not retained for general nomenclature	c1c(O)cc(C)cc1
carboxylicAcids.xml	maleur	acidStem/ylForNothing/d	blocked	not retained for general nomenclature	C/C=C\C(NC(N)=O)=O
carboxylicAcids.xml	melilot	acidStem/ylForNothing/d	blocked	not retained for general nomenclature	CCCc1c(O)cccc1
carboxylicAcids.xml	mellit	acidStem/ylForNothing/d	blocked	not retained for general nomenclature	Cc1c(C)c(C)c(C)c(C)c1(C)
carboxylicAcids.xml	mellophan	acidStem/ylForNothing/d	blocked	not retained for general nomenclature	Cc1c(C)c(C)c(C)cc1
carboxylicAcids.xml	mevalon	acidStem/ylForNothing/d	blocked	not retained for general nomenclature	CC[C@@](O)(C)CCO
carboxylicAcids.xml	mevald	acidStem/ylForNothing/d	blocked	not retained for general nomenclature	CC[C@@](O)(C)CC=O
carboxylicAcids.xml	mucobrom	acidStem/ylForNothing/d	blocked	not retained for general nomenclature	CC(/Br)=C(/Br)C=O
carboxylicAcids.xml	mucochlor	acidStem/ylForNothing/d	blocked	not retained for general nomenclature	CC(/Cl)=C(/Cl)C=O
carboxylicAcids.xml	nonadecyl	acidStem/ylForNothing/d	blocked	not retained for general nomenclature	CCCCCCCCCCCCCCCCCCC
carboxylicAcids.xml	nonacosyl	acidStem/ylForNothing/d	blocked	not retained for general nomenclature	CCCCCCCCCCCCCCCCCCCCCCCCCCCCC
carboxylicAcids.xml	o-homosalicyl	acidStem/ylForNothing/d	blocked	not retained for general nomenclature	c1c(O)c(C)ccc1
carboxylicAcids.xml	ortho-homosalicyl	acidStem/ylForNothing/d	blocked	not retained for general nomenclature	c1c(O)c(C)ccc1
carboxylicAcids.xml	oxam	acidStem/ylForNothing/d	allowed	P-65.1.1.1 retained acids (PIN)	CC(=O)N
carboxylicAcids.xml	oxaldehyd	acidStem/ylForNothing/d	blocked	not retained for general nomenclature	CC(=O)
carboxylicAcids.xml	oxalur	acidStem/ylForNothing/d	blocked	not retained for general nomenclature	CC(=O)NC(=O)N
carboxylicAcids.xml	p-homosalicyl	acidStem/ylForNothing/d	blocked	not retained for general nomenclature	c1c(O)ccc(C)c1
carboxylicAcids.xml	para-homosalicyl	acidStem/ylForNothing/d	blocked	not retained for general nomenclature	c1c(O)ccc(C)c1
carboxylicAcids.xml	pant	acidStem/ylForNothing/d	blocked	not retained for general nomenclature	C[C@H](O)C(C)(C)CO
carboxylicAcids.xml	pentadecyl	acidStem/ylForNothing/d	blocked	not retained for general nomenclature	CCCCCCCCCCCCCCC
carboxylicAcids.xml	pentacosyl	acidStem/ylForNothing/d	blocked	not retained for general nomenclature	CCCCCCCCCCCCCCCCCCCCCCCCC
carboxylicAcids.xml	phloret	acidStem/ylForNothing/d	blocked	not retained for general nomenclature	CCCc1ccc(O)cc1
carboxylicAcids.xml	phthalon	acidStem/ylForNothing/d	blocked	not retained for general nomenclature	CC(=O)c1c(C)cccc1
carboxylicAcids.xml	piperonyl	acidStem/ylForNothing/d	blocked	not retained for general nomenclature	Cc1cc2OCOc2cc1
carboxylicAcids.xml	prehnit	acidStem/ylForNothing/d	blocked	not retained for general nomenclature	Cc1c(C)c(C)cc(C)c1
carboxylicAcids.xml	prehnityl	acidStem/ylForNothing/d	blocked	not retained for general nomenclature	Cc1c(C)c(C)c(C)cc1
carboxylicAcids.xml	pristan	acidStem/ylForNothing/d	blocked	not retained for general nomenclature	CC(C)CCCC(C)CCCC(C)CCCC(C)C
carboxylicAcids.xml	propargyl	acidStem/ylForNothing/d	blocked	not retained for general nomenclature	CC#C
carboxylicAcids.xml	pter	acidStem/ylForNothing/d	blocked	not retained for general nomenclature	Cc1ccc(NCc2cnc3nc(N)[nH]c(=O)c3n2)cc1
carboxylicAcids.xml	dihydropter|7,8-dihydropter	acidStem/ylForNothing/d	blocked	not retained for general nomenclature	Cc1ccc(NCc2CNc3nc(N)[nH]c(=O)c3n2)cc1
carboxylicAcids.xml	5,6,7,8-tetrahydropter	acidStem/ylForNothing/d	blocked	not retained for general nomenclature	Cc1ccc(NCC2CNc3nc(N)[nH]c(=O)c3N2)cc1
carboxylicAcids.xml	2-pyrocatechu	acidStem/ylForNothing/d	blocked	not retained for general nomenclature	Cc1c(O)c(O)ccc1
carboxylicAcids.xml	o-pyrocatechu	acidStem/ylForNothing/d	blocked	not retained for general nomenclature	Cc1c(O)c(O)ccc1
carboxylicAcids.xml	pyromellit	acidStem/ylForNothing/d	blocked	not retained for general nomenclature	Cc1c(C)cc(C)c(C)c1
carboxylicAcids.xml	pyrotartar	acidStem/ylForNothing/d	blocked	not retained for general nomenclature	CC(C)CC
carboxylicAcids.xml	quinald	acidStem/ylForNothing/d	blocked	not retained for general nomenclature	Cc(n1)ccc2ccccc12
carboxylicAcids.xml	salicyl	acidStem/ylForNothing/d	blocked	not retained for general nomenclature	Cc1c(O)cccc1
carboxylicAcids.xml	thiosalicyl	acidStem/ylForNothing/d	blocked	not retained for general nomenclature	Cc1c(S)cccc1
carboxylicAcids.xml	seneci	acidStem/ylForNothing/d	blocked	not retained for general nomenclature	CC=C(C)C
carboxylicAcids.xml	stearidon	acidStem/ylForNothing/d	blocked	not retained for general nomenclature	CCCCC\C=C/C\C=C/C\C=C/C\C=C/CC
carboxylicAcids.xml	tartar	acidStem/ylForNothing/d	allowed	P-65.1.1.2 retained acids (general nomenclature)	CC(O)C(O)C
carboxylicAcids.xml	dl-tartar	acidStem/ylForNothing/d	allowed	P-65.1.1.2 retained acids (general nomenclature)	CC(O)C(O)C
carboxylicAcids.xml	l-tartar	acidStem/ylForNothing/d	allowed	P-65.1.1.2 retained acids (general nomenclature)	C[C@H](O)[C@@H](O)C
carboxylicAcids.xml	l(+)-tartar	acidStem/ylForNothing/d	allowed	P-65.1.1.2 retained acids (general nomenclature)	C[C@H](O)[C@@H](O)C
carboxylicAcids.xml	l-(+)-tartar	acidStem/ylForNothing/d	allowed	P-65.1.1.2 retained acids (general nomenclature)	C[C@H](O)[C@@H](O)C
carboxylicAcids.xml	dextrotartar	acidStem/ylForNothing/d	blocked	not retained for general nomenclature	C[C@H](O)[C@@H](O)C
carboxylicAcids.xml	d-tartar	acidStem/ylForNothing/d	allowed	P-65.1.1.2 retained acids (general nomenclature)	C[C@@H](O)[C@H](O)C
carboxylicAcids.xml	d(-)-tartar	acidStem/ylForNothing/d	allowed	P-65.1.1.2 retained acids (general nomenclature)	C[C@@H](O)[C@H](O)C
carboxylicAcids.xml	d-(-)-tartar	acidStem/ylForNothing/d	allowed	P-65.1.1.2 retained acids (general nomenclature)	C[C@@H](O)[C@H](O)C
carboxylicAcids.xml	levotartar	acidStem/ylForNothing/d	blocked	not retained for general nomenclature	C[C@@H](O)[C@H](O)C
carboxylicAcids.xml	mesotartar	acidStem/ylForNothing/d	allowed	P-65.1.1.2 retained acids (general nomenclature)	C[C@H](O)[C@H](O)C
carboxylicAcids.xml	tartron	acidStem/ylForNothing/d	blocked	not retained for general nomenclature	CC(O)C
carboxylicAcids.xml	terephthalon	acidStem/ylForNothing/d	blocked	not retained for general nomenclature	CC(=O)c1ccc(C)cc1
carboxylicAcids.xml	thaps	acidStem/ylForNothing/d	blocked	not retained for general nomenclature	CCCCCCCCCCCCCCCC
carboxylicAcids.xml	tigl	acidStem/ylForNothing/d	blocked	not retained for general nomenclature	C\C(C)=C\C
carboxylicAcids.xml	traumat	acidStem/ylForNothing/d	blocked	not retained for general nomenclature	C/C=C/CCCCCCCCC
carboxylicAcids.xml	tricarballyl	acidStem/ylForNothing/d	blocked	not retained for general nomenclature	CCC(C)CC
carboxylicAcids.xml	tricosyl	acidStem/ylForNothing/d	blocked	not retained for general nomenclature	CCCCCCCCCCCCCCCCCCCCCCC
carboxylicAcids.xml	tridecyl	acidStem/ylForNothing/d	blocked	not retained for general nomenclature	CCCCCCCCCCCCC
carboxylicAcids.xml	trop	acidStem/ylForNothing/d	blocked	not retained for general nomenclature	CC(CO)c1ccccc1
carboxylicAcids.xml	undecyl	acidStem/ylForNothing/d	blocked	not retained for general nomenclature	CCCCCCCCCCC
carboxylicAcids.xml	umbell	acidStem/ylForNothing/d	blocked	not retained for general nomenclature	C/C=C/c1c(O)cc(O)cc1
carboxylicAcids.xml	uvit	acidStem/ylForNothing/d	blocked	not retained for general nomenclature	Cc1cc(C)cc(C)c1
carboxylicAcids.xml	valpr	acidStem/ylForNothing/d	blocked	not retained for general nomenclature	CC(CCC)CCC
carboxylicAcids.xml	vanilmandel	acidStem/ylForNothing/d	blocked	not retained for general nomenclature	CC(O)c1cc(OC)c(O)cc1
carboxylicAcids.xml	vanillomandel	acidStem/ylForNothing/d	blocked	not retained for general nomenclature	CC(O)c1cc(OC)c(O)cc1
carboxylicAcids.xml	vanillylmandel	acidStem/ylForNothing/d	blocked	not retained for general nomenclature	CC(O)c1cc(OC)c(O)cc1
carboxylicAcids.xml	leuc|dl-leuc	acidStem/ylForNothing/½	blocked	not retained for general nomenclature	CC(O)CC(C)C
carboxylicAcids.xml	d-leuc	acidStem/ylForNothing/½	blocked	not retained for general nomenclature	C[C@H](O)CC(C)C
carboxylicAcids.xml	l-leuc	acidStem/ylForNothing/½	blocked	not retained for general nomenclature	C[C@@H](O)CC(C)C
carboxylicAcids.xml	n-butyr	acidStem/ylForNothing/½	blocked	not retained for general nomenclature	CCCC
cyclicUnsaturableHydrocarbon.xml	adamant	ring/cyclicUnsaturableHydrocarbon/A	allowed	P-23.7 Table 2.6 retained von Baeyer names	C12CC3CC4CC5C1.C24.C35
cyclicUnsaturableHydrocarbon.xml	cub	ring/cyclicUnsaturableHydrocarbon/A	allowed	P-23.7 Table 2.6 retained von Baeyer names	C12C3C4C5C3C1C5C24
cyclicUnsaturableHydrocarbon.xml	prism	ring/cyclicUnsaturableHydrocarbon/A	blocked	not retained for general nomenclature	C12C3C4C1C4C32
cyclicUnsaturableHydrocarbon.xml	born|camph|bornyl	ring/cyclicUnsaturableHydrocarbon/A	blocked	not retained for general nomenclature	C123CCC4CC1.C24(C)C.C3
cyclicUnsaturableHydrocarbon.xml	car	ring/cyclicUnsaturableHydrocarbon/A	blocked	not retained for general nomenclature	C12CC3CCC1C2(C)C.C3
cyclicUnsaturableHydrocarbon.xml	menth|p-menth|para-menth	ring/cyclicUnsaturableHydrocarbon/A	blocked	not retained for general nomenclature	C12CCC3CC1.C2.C3(C)C
cyclicUnsaturableHydrocarbon.xml	m-menth|meta-menth	ring/cyclicUnsaturableHydrocarbon/A	blocked	not retained for general nomenclature	C12CC3CCC1.C2.C3(C)C
cyclicUnsaturableHydrocarbon.xml	o-menth|ortho-menth	ring/cyclicUnsaturableHydrocarbon/A	blocked	not retained for general nomenclature	C12C3CCCC1.C2.C3(C)C
cyclicUnsaturableHydrocarbon.xml	norborn|norcamph|norbornyl	ring/cyclicUnsaturableHydrocarbon/A	blocked	not retained for general nomenclature	C12CCC(CC2)C1
cyclicUnsaturableHydrocarbon.xml	norcar	ring/cyclicUnsaturableHydrocarbon/A	blocked	not retained for general nomenclature	C12CCCCC2C1
cyclicUnsaturableHydrocarbon.xml	norpin	ring/cyclicUnsaturableHydrocarbon/A	blocked	not retained for general nomenclature	C12CCCC(C2)C1
cyclicUnsaturableHydrocarbon.xml	pin	ring/cyclicUnsaturableHydrocarbon/A	blocked	not retained for general nomenclature	C12C3CCC4C156.C24.C5.C6.C3
cyclicUnsaturableHydrocarbon.xml	thuj	ring/cyclicUnsaturableHydrocarbon/A	blocked	not retained for general nomenclature	C123CCC4C1C2.C3(C)C.C4
groupStemsAllowingInlineSuffixes.xml	allen	simpleGroup/groupStem/g	allowed	P-31.1.2.1 retained acyclic parent hydrides	C=C=C
groupStemsAllowingInlineSuffixes.xml	formazan	simpleGroup/groupStem/g	allowed	P-31.1.2.1 retained acyclic parent hydrides	N=NC=NN
groupStemsAllowingInlineSuffixes.xml	isodiazen	simpleGroup/groupStem/g	blocked	not retained for general nomenclature	[NH2+]=[N-]
groupStemsAllowingInlineSuffixes.xml	keten	simpleGroup/groupStem/g	allowed	P-64.2.1 retained ketone names	C=C=O
groupStemsAllowingInlineSuffixes.xml	urethan	simpleGroup/groupStem/g	blocked	not retained for general nomenclature	NC(=O)OCC
groupStemsAllowingInlineSuffixes.xml	isopren	simpleGroup/groupStem/g	allowed	P-31.1.2.1 retained acyclic parent hydrides	C=CC(C)=C
groupStemsAllowingInlineSuffixes.xml	ammonium	simpleGroup/groupStem/g	allowed	P-73.1.1 onium/ylium parent cations	[NH4+]
groupStemsAllowingInlineSuffixes.xml	phosphonium	simpleGroup/groupStem/g	allowed	P-73.1.1 onium/ylium parent cations	[PH4+]
groupStemsAllowingInlineSuffixes.xml	arsonium	simpleGroup/groupStem/g	allowed	P-73.1.1 onium/ylium parent cations	[AsH4+]
groupStemsAllowingInlineSuffixes.xml	stibonium	simpleGroup/groupStem/g	allowed	P-73.1.1 onium/ylium parent cations	[SbH4+]
groupStemsAllowingInlineSuffixes.xml	bismuthonium	simpleGroup/groupStem/g	allowed	P-73.1.1 onium/ylium parent cations	[BiH4+]
groupStemsAllowingInlineSuffixes.xml	oxonium	simpleGroup/groupStem/g	allowed	P-73.1.1 onium/ylium parent cations	[OH3+]
groupStemsAllowingInlineSuffixes.xml	sulfonium	simpleGroup/groupStem/g	allowed	P-73.1.1 onium/ylium parent cations	[SH3+]
groupStemsAllowingInlineSuffixes.xml	selenonium	simpleGroup/groupStem/g	allowed	P-73.1.1 onium/ylium parent cations	[SeH3+]
groupStemsAllowingInlineSuffixes.xml	telluronium	simpleGroup/groupStem/g	allowed	P-73.1.1 onium/ylium parent cations	[TeH3+]
groupStemsAllowingInlineSuffixes.xml	fluoronium	simpleGroup/groupStem/g	allowed	P-73.1.1 onium/ylium parent cations	[FH2+]
groupStemsAllowingInlineSuffixes.xml	chloronium	simpleGroup/groupStem/g	allowed	P-73.1.1 onium/ylium parent cations	[ClH2+]
groupStemsAllowingInlineSuffixes.xml	bromonium	simpleGroup/groupStem/g	allowed	P-73.1.1 onium/ylium parent cations	[BrH2+]
groupStemsAllowingInlineSuffixes.xml	iodonium	simpleGroup/groupStem/g	allowed	P-73.1.1 onium/ylium parent cations	[IH2+]
groupStemsAllowingInlineSuffixes.xml	silylium	simpleGroup/groupStem/g	allowed	P-73.1.1 onium/ylium parent cations	[SiH3+]
groupStemsAllowingInlineSuffixes.xml	germylium	simpleGroup/groupStem/g	allowed	P-73.1.1 onium/ylium parent cations	[GeH3+]
groupStemsAllowingInlineSuffixes.xml	stannylium	simpleGroup/groupStem/g	allowed	P-73.1.1 onium/ylium parent cations	[SnH3+]
groupStemsAllowingInlineSuffixes.xml	plumbylium	simpleGroup/groupStem/g	allowed	P-73.1.1 onium/ylium parent cations	[PbH3+]
groupStemsAllowingInlineSuffixes.xml	phosphine	simpleGroup/groupStem/g	allowed	P-21.1.1.2 retained mononuclear hydrides	[PH3]
groupStemsAllowingInlineSuffixes.xml	arsine	simpleGroup/groupStem/g	allowed	P-21.1.1.2 retained mononuclear hydrides	[AsH3]
groupStemsAllowingInlineSuffixes.xml	stibin	simpleGroup/groupStem/g	allowed	P-21.1.1.2 retained mononuclear hydrides	[SbH3]
groupStemsAllowingInlineSuffixes.xml	bismuthin	simpleGroup/groupStem/g	allowed	P-21.1.1.2 retained mononuclear hydrides	[BiH3]
groupStemsAllowingInlineSuffixes.xml	aceton	simpleGroup/groupStem/g	allowed	P-64.2.1 retained ketone names	CC(=O)C
groupStemsAllowingInlineSuffixes.xml	propionon	simpleGroup/groupStem/g	blocked	not retained for general nomenclature	CCC(=O)CC
groupStemsAllowingInlineSuffixes.xml	butyron	simpleGroup/groupStem/g	blocked	not retained for general nomenclature	CCCC(=O)CCC
groupStemsAllowingInlineSuffixes.xml	valeron	simpleGroup/groupStem/g	blocked	not retained for general nomenclature	CCCCC(=O)CCCC
groupStemsAllowingInlineSuffixes.xml	enanthon	simpleGroup/groupStem/g	blocked	not retained for general nomenclature	CCCCCCC(=O)CCCCCC
groupStemsAllowingInlineSuffixes.xml	caprylon	simpleGroup/groupStem/g	blocked	not retained for general nomenclature	CCCCCCCC(=O)CCCCCCC
groupStemsAllowingInlineSuffixes.xml	isobutyron	simpleGroup/groupStem/g	blocked	not retained for general nomenclature	CC(C)C(=O)C(C)C
groupStemsAllowingInlineSuffixes.xml	isovaleron	simpleGroup/groupStem/g	blocked	not retained for general nomenclature	CC(C)CC(=O)CC(C)C
groupStemsAllowingInlineSuffixes.xml	lauron	simpleGroup/groupStem/g	blocked	not retained for general nomenclature	CCCCCCCCCCCC(=O)CCCCCCCCCCC
groupStemsAllowingInlineSuffixes.xml	myriston	simpleGroup/groupStem/g	blocked	not retained for general nomenclature	CCCCCCCCCCCCCC(=O)CCCCCCCCCCCCC
groupStemsAllowingInlineSuffixes.xml	palmiton	simpleGroup/groupStem/g	blocked	not retained for general nomenclature	CCCCCCCCCCCCCCCC(=O)CCCCCCCCCCCCCCC
groupStemsAllowingInlineSuffixes.xml	stearon	simpleGroup/groupStem/g	blocked	not retained for general nomenclature	CCCCCCCCCCCCCCCCCC(=O)CCCCCCCCCCCCCCCCC
groupStemsAllowingInlineSuffixes.xml	glutathion	simpleGroup/biochemical/g	blocked	not retained for general nomenclature	N[C@H](C(=O)O)CCC(=O)N[C@@H](CS)C(=O)NCC(=O)O
groupStemsAllowingInlineSuffixes.xml	glycerol|glycerin	simpleGroup/biochemical/g	allowed	P-63.1.1 retained hydroxy compounds	OCC(O)CO
groupStemsAllowingInlineSuffixes.xml	sn-glycerol	simpleGroup/biochemical/g	blocked	not retained for general nomenclature	OC[C@@H](O)CO
groupStemsAllowingInlineSuffixes.xml	guanidin	simpleGroup/biochemical/g	allowed	P-34.1 retained functional parents	NC(=N)N
groupStemsAllowingInlineSuffixes.xml	saccharin	simpleGroup/biochemical/g	blocked	not retained for general nomenclature	S1(=O)(=O)NC(=O)c2ccccc12
groupStemsAllowingAllSuffixes.xml	hydrazin	chain/groupStem/§	allowed	P-68.3 retained nitrogen parent names (hydrazine)	NN
groupStemsAllowingAllSuffixes.xml	acetylen	chain/groupStem/§	allowed	P-31.1.2.1 retained acyclic parent hydrides	C#C
groupStemsAllowingAllSuffixes.xml	hydroxylamin	chain/groupStem/§	allowed	P-34.1 retained functional parents	NO
groupStemsAllowingAllSuffixes.xml	phytan	chain/groupStem/§	blocked	not retained for general nomenclature	CCC(C)CCCC(C)CCCC(C)CCCC(C)C
simpleSubstituents.xml	guanidino	substituent/biochemical/x	blocked	not retained for general nomenclature	-NC(=N)N
simpleSubstituents.xml	pyridoxyl	substituent/biochemical/x	blocked	not retained for general nomenclature	-Cc1c(CO)cnc(C)c1O
simpleSubstituents.xml	pyridoxylidene|pyridoxyliden	substituent/biochemical/x	blocked	not retained for general nomenclature	=Cc1c(CO)cnc(C)c1O
simpleSubstituents.xml	p-pyridoxyl|5'-p-pyridoxyl	substituent/biochemical/x	blocked	not retained for general nomenclature	-Cc1c(COP(=O)(O)O)cnc(C)c1O
simpleSubstituents.xml	p-pyridoxylidene|p-pyridoxyliden|5'-p-pyridoxylidene|5'-p-pyridoxyliden	substituent/biochemical/x	blocked	not retained for general nomenclature	=Cc1c(COP(=O)(O)O)cnc(C)c1O
simpleSubstituents.xml	tauryl	substituent/biochemical/x	blocked	not retained for general nomenclature	-S(=O)(=O)CCN
simpleSubstituents.xml	taurinomethyl|taurino-methyl	substituent/biochemical/x	blocked	not retained for general nomenclature	-CNCCS(=O)(=O)O
simpleSubstituents.xml	3'-adenylyl	substituent/biochemical/x	blocked	not retained for general nomenclature	[C@@H]1([C@H](O)[C@H](OP(=O)O)[C@@H](CO)O1)n2cnc3c([nH2])ncnc23
simpleSubstituents.xml	3'-thymidylyl	substituent/biochemical/x	blocked	not retained for general nomenclature	[C@@H]1(C[C@H](OP(=O)O)[C@@H](CO)O1)n2c(=O)[nH]c(=O)c(C)c2
simpleSubstituents.xml	3'-guanylyl	substituent/biochemical/x	blocked	not retained for general nomenclature	[C@@H]1([C@H](O)[C@H](OP(=O)O)[C@@H](CO)O1)n2cnc3c(=O)[nH]c(N)nc23
simpleSubstituents.xml	3'-isoguanylyl	substituent/biochemical/x	blocked	not retained for general nomenclature	[C@@H]1([C@H](O)[C@H](OP(=O)O)[C@@H](CO)O1)n2cnc3c(N)[nH]c(=O)nc23
simpleSubstituents.xml	3'-inosinylyl	substituent/biochemical/x	blocked	not retained for general nomenclature	[C@@H]1([C@H](O)[C@H](OP(=O)O)[C@@H](CO)O1)n2cnc3c([oH])ncnc23
simpleSubstituents.xml	3'-xanthylyl	substituent/biochemical/x	blocked	not retained for general nomenclature	[C@@H]1([C@H](O)[C@H](OP(=O)O)[C@@H](CO)O1)n2cnc3c(=O)[nH]c(=O)[nH]c23
simpleSubstituents.xml	3'-cytidylyl	substituent/biochemical/x	blocked	not retained for general nomenclature	[C@@H]1([C@H](O)[C@H](OP(=O)O)[C@@H](CO)O1)n2c(=O)nc([nH2])cc2
simpleSubstituents.xml	3'-isocytidylyl	substituent/biochemical/x	blocked	not retained for general nomenclature	[C@@H]1([C@H](O)[C@H](OP(=O)O)[C@@H](CO)O1)n2c(N)nc(=O)cc2
simpleSubstituents.xml	3'-uridylyl	substituent/biochemical/x	blocked	not retained for general nomenclature	[C@@H]1([C@H](O)[C@H](OP(=O)O)[C@@H](CO)O1)n2c(=O)[nH]c(=O)cc2
simpleSubstituents.xml	3'-orotidylyl	substituent/biochemical/x	blocked	not retained for general nomenclature	[C@@H]1([C@H](O)[C@H](OP(=O)O)[C@@H](CO)O1)n2c(=O)[nH]c(=O)cc2C(=O)O
simpleSubstituents.xml	3'-pseudouridylyl	substituent/biochemical/x	blocked	not retained for general nomenclature	[C@@H]1([C@H](O)[C@H](OP(=O)O)[C@@H](CO)O1)c2c[nH]c(=O)[nH]c2(=O)
simpleSubstituents.xml	5'-adenylyl	substituent/biochemical/x	blocked	not retained for general nomenclature	[C@@H]1([C@H](O)[C@H](O)[C@@H](COP(=O)O)O1)n2cnc3c([nH2])ncnc23
simpleSubstituents.xml	5'-thymidylyl	substituent/biochemical/x	blocked	not retained for general nomenclature	[C@@H]1(C[C@H](O)[C@@H](COP(=O)O)O1)n2c(=O)[nH]c(=O)c(C)c2
simpleSubstituents.xml	5'-guanylyl	substituent/biochemical/x	blocked	not retained for general nomenclature	[C@@H]1([C@H](O)[C@H](O)[C@@H](COP(=O)O)O1)n2cnc3c(=O)[nH]c(N)nc23
simpleSubstituents.xml	5'-isoguanylyl	substituent/biochemical/x	blocked	not retained for general nomenclature	[C@@H]1([C@H](O)[C@H](O)[C@@H](COP(=O)O)O1)n2cnc3c(N)[nH]c(=O)nc23
simpleSubstituents.xml	5'-inosinylyl	substituent/biochemical/x	blocked	not retained for general nomenclature	[C@@H]1([C@H](O)[C@H](O)[C@@H](COP(=O)O)O1)n2cnc3c([oH])ncnc23
simpleSubstituents.xml	5'-xanthylyl	substituent/biochemical/x	blocked	not retained for general nomenclature	[C@@H]1([C@H](O)[C@H](O)[C@@H](COP(=O)O)O1)n2cnc3c(=O)[nH]c(=O)[nH]c23
simpleSubstituents.xml	5'-cytidylyl	substituent/biochemical/x	blocked	not retained for general nomenclature	[C@@H]1([C@H](O)[C@H](O)[C@@H](COP(=O)O)O1)n2c(=O)nc([nH2])cc2
simpleSubstituents.xml	5'-isocytidylyl	substituent/biochemical/x	blocked	not retained for general nomenclature	[C@@H]1([C@H](O)[C@H](O)[C@@H](COP(=O)O)O1)n2c(N)nc(=O)cc2
simpleSubstituents.xml	5'-uridylyl	substituent/biochemical/x	blocked	not retained for general nomenclature	[C@@H]1([C@H](O)[C@H](O)[C@@H](COP(=O)O)O1)n2c(=O)[nH]c(=O)cc2
simpleSubstituents.xml	5'-orotidylyl	substituent/biochemical/x	blocked	not retained for general nomenclature	[C@@H]1([C@H](O)[C@H](O)[C@@H](COP(=O)O)O1)n2c(=O)[nH]c(=O)cc2C(=O)O
simpleSubstituents.xml	5'-pseudouridylyl	substituent/biochemical/x	blocked	not retained for general nomenclature	[C@@H]1([C@H](O)[C@H](O)[C@@H](COP(=O)O)O1)c2c[nH]c(=O)[nH]c2(=O)
simpleSubstituents.xml	5'-adenosyl|5'-deoxy-5'-adenosyl|adenosyl	substituent/biochemical/x	blocked	not retained for general nomenclature	[C@@H]1([C@H](O)[C@H](O)[C@@H](C)O1)n2cnc3c([nH2])ncnc23
simpleSubstituents.xml	5'-thymidyl	substituent/biochemical/x	blocked	not retained for general nomenclature	[C@@H]1(C[C@H](O)[C@@H](C)O1)n2c(=O)[nH]c(=O)c(C)c2
simpleSubstituents.xml	5'-guanosyl	substituent/biochemical/x	blocked	not retained for general nomenclature	[C@@H]1([C@H](O)[C@H](O)[C@@H](C)O1)n2cnc3c(=O)[nH]c(N)nc23
simpleSubstituents.xml	5'-isoguanosyl	substituent/biochemical/x	blocked	not retained for general nomenclature	[C@@H]1([C@H](O)[C@H](O)[C@@H](C)O1)n2cnc3c(N)[nH]c(=O)nc23
simpleSubstituents.xml	5'-inosyl	substituent/biochemical/x	blocked	not retained for general nomenclature	[C@@H]1([C@H](O)[C@H](O)[C@@H](C)O1)n2cnc3c([oH])ncnc23
simpleSubstituents.xml	5'-xanthosyl	substituent/biochemical/x	blocked	not retained for general nomenclature	[C@@H]1([C@H](O)[C@H](O)[C@@H](C)O1)n2cnc3c(=O)[nH]c(=O)[nH]c23
simpleSubstituents.xml	5'-cytidyl	substituent/biochemical/x	blocked	not retained for general nomenclature	[C@@H]1([C@H](O)[C@H](O)[C@@H](C)O1)n2c(=O)nc([nH2])cc2
simpleSubstituents.xml	5'-isocytidyl	substituent/biochemical/x	blocked	not retained for general nomenclature	[C@@H]1([C@H](O)[C@H](O)[C@@H](C)O1)n2c(N)nc(=O)cc2
simpleSubstituents.xml	5'-uridyl	substituent/biochemical/x	blocked	not retained for general nomenclature	[C@@H]1([C@H](O)[C@H](O)[C@@H](C)O1)n2c(=O)[nH]c(=O)cc2
simpleSubstituents.xml	5'-orotidyl	substituent/biochemical/x	blocked	not retained for general nomenclature	[C@@H]1([C@H](O)[C@H](O)[C@@H](C)O1)n2c(=O)[nH]c(=O)cc2C(=O)O
simpleSubstituents.xml	5'-pseudouridyl	substituent/biochemical/x	blocked	not retained for general nomenclature	[C@@H]1([C@H](O)[C@H](O)[C@@H](C)O1)c2c[nH]c(=O)[nH]c2(=O)
simpleSubstituents.xml	adenylyl	substituent/biochemical/ö	blocked	not retained for general nomenclature	[C@@H]1([C@H](O)[C@H](O)[C@@H](CO)O1)n2cnc3c([nH2])ncnc23.P(=O)O
simpleSubstituents.xml	thymidylyl	substituent/biochemical/ö	blocked	not retained for general nomenclature	[C@@H]1(C[C@H](O)[C@@H](CO)O1)n2c(=O)[nH]c(=O)c(C)c2.P(=O)O
simpleSubstituents.xml	guanylyl	substituent/biochemical/ö	blocked	not retained for general nomenclature	[C@@H]1([C@H](O)[C@H](O)[C@@H](CO)O1)n2cnc3c(=O)[nH]c(N)nc23.P(=O)O
simpleSubstituents.xml	isoguanylyl	substituent/biochemical/ö	blocked	not retained for general nomenclature	[C@@H]1([C@H](O)[C@H](O)[C@@H](CO)O1)n2cnc3c(N)[nH]c(=O)nc23.P(=O)O
simpleSubstituents.xml	inosinylyl	substituent/biochemical/ö	blocked	not retained for general nomenclature	[C@@H]1([C@H](O)[C@H](O)[C@@H](CO)O1)n2cnc3c([oH])ncnc23.P(=O)O
simpleSubstituents.xml	xanthylyl	substituent/biochemical/ö	blocked	not retained for general nomenclature	[C@@H]1([C@H](O)[C@H](O)[C@@H](CO)O1)n2cnc3c(=O)[nH]c(=O)[nH]c23.P(=O)O
simpleSubstituents.xml	cytidylyl	substituent/biochemical/ö	blocked	not retained for general nomenclature	[C@@H]1([C@H](O)[C@H](O)[C@@H](CO)O1)n2c(=O)nc([nH2])cc2.P(=O)O
simpleSubstituents.xml	isocytidylyl	substituent/biochemical/ö	blocked	not retained for general nomenclature	[C@@H]1([C@H](O)[C@H](O)[C@@H](CO)O1)n2c(N)nc(=O)cc2.P(=O)O
simpleSubstituents.xml	uridylyl	substituent/biochemical/ö	blocked	not retained for general nomenclature	[C@@H]1([C@H](O)[C@H](O)[C@@H](CO)O1)n2c(=O)[nH]c(=O)cc2.P(=O)O
simpleSubstituents.xml	orotidylyl	substituent/biochemical/ö	blocked	not retained for general nomenclature	[C@@H]1([C@H](O)[C@H](O)[C@@H](CO)O1)n2c(=O)[nH]c(=O)cc2C(=O)O.P(=O)O
simpleSubstituents.xml	pseudouridylyl	substituent/biochemical/ö	blocked	not retained for general nomenclature	[C@@H]1([C@H](O)[C@H](O)[C@@H](CO)O1)c2c[nH]c(=O)[nH]c2(=O).P(=O)O
